path	git_blob	sha256	size_bytes	tracked	commit
_maps/RandomRooms/10x10/sk_rdm033_deltalibrary.dmm	7589c51751e948fb2aa8bccd03c8f0f319401bbb	ccc61b88f0b5f6fdfaa4dfc89b067757175ddda3e1a751dd40912eb440138014	7524	yes	f847d3caca
_maps/RandomRooms/10x10/sk_rdm060_snakefighter.dmm	bfffa01b03bb2bab0c5db0bacf988a0dae008c1a	818bb4029b91a0bd2fbbddd331909cfdb6372498985523e6122d318f82135623	6576	yes	f847d3caca
_maps/RandomRooms/10x10/sk_rdm062_roosterdome.dmm	d3e4157e29d0eaec29c9a782bbc657e48750e325	b9f62083f7d72b26ba08f43f8fbb23f6e740031e039fd9152f09d47460022148	9447	yes	f847d3caca
_maps/RandomRooms/10x10/sk_rdm070_pubbybar.dmm	cd808ca15e67229a9d43dfde9717176a1a968203	b1dc6bc82ec84956288717d99c6bdddbe1b8b01650fbe009c34a40a3e8732e1e	7177	yes	f847d3caca
_maps/RandomRooms/10x10/sk_rdm083_bigtheatre.dmm	7b49da38f268f8dce3e852bd386e0154a33cc52d	88ac6c579a5ac2b2168cb1ea76218e4f381995df5d038813925a6c916e85b668	2776	yes	f847d3caca
_maps/RandomRooms/10x10/sk_rdm088_bigconstruction.dmm	69d360fb6df3a91b202eb7ae3e2af52c3bd33545	686b292e82626c863d67bc9daa5f9104a2e8b5447bf8d0c56f326483b99a33e4	5004	yes	f847d3caca
_maps/RandomRooms/10x10/sk_rdm098_graffitiroom.dmm	2f593e85df7426b3263fa5ba288725bdb866d023	d2e0d626ce1331843fdeaf164c904bbea99418dcd9592de33de1c3bdbeae4be9	3698	yes	f847d3caca
_maps/RandomRooms/10x10/sk_rdm102_podrepairbay.dmm	e35a945bbd7e13cfd80873ec3b9d6c5657c1ac47	cbf4510fe44a367e9c0df9bdd57fdf59acd6f234f5b1a582426abe893c1553ad	4177	yes	f847d3caca
_maps/RandomRooms/10x10/sk_rdm106_sanitarium.dmm	30df5765583b9389f2a24eb4d39ef9738f98fdc2	3676f0e43777f644becd7758f90a04dad432e9d01204a85924094de310d98fa5	11623	yes	f847d3caca
_maps/RandomRooms/10x10/sk_rdm129_beach.dmm	5154f82ecb6a1b2af9940fc4c7a3da712fd8276a	321202c24b9602581f7153e8decdb3a001f2a359627e7bc84b5d54cfe8467a57	4740	yes	f847d3caca
_maps/RandomRooms/10x10/sk_rdm130_benoegg.dmm	ba42d0befd39c40c2847e8b259c1a4d2e947c907	845054457d6c982c97151b8c57fa571d73f78257d63b5d1273d9f81d44ad7abb	3197	yes	f847d3caca
_maps/RandomRooms/10x10/sk_rdm131_confinementroom.dmm	2743d0b6d4808ce7b1661f02bee8f3242d1732d3	e02cfb08d3767d0a7b7607f36d8f8b537a73898e949b4112de2f7536c891bfec	7642	yes	f847d3caca
_maps/RandomRooms/10x10/sk_rdm132_conveyorroom.dmm	95531eef65bd50df4d4f2df59b6813ca92012068	f5eeab2bb7223c3d52fadc50e3809851550984328a5635178dccf1f590f74c9b	5693	yes	f847d3caca
_maps/RandomRooms/10x10/sk_rdm133_oldoffice.dmm	ee4cccc1a91399eb95650d05ea2780fb64bb13cc	dee12a0846ac91473fbe627bc1b3237e757b9c607209bb3ec629dab896f167b0	5538	yes	f847d3caca
_maps/RandomRooms/10x10/sk_rdm134_snowforest.dmm	e6866dba7b74358845b3fedf09bc0099b435ca5e	42aaeab1c338a50468982d2cea0535d1c08fbcff3367b1482b339cafff150b2e	4330	yes	f847d3caca
_maps/RandomRooms/10x10/sk_rdm141_6sectorsdown.dmm	e884dea5de7995921f847ec933a9a47678f5bd0a	b88d15c8c2bf2e242c455d9bf2cbe9607a52eb9022e1eca629b99064e17aaccf	8013	yes	f847d3caca
_maps/RandomRooms/10x10/sk_rdm142_olddiner.dmm	33750f2447f1c68271d17685841e7315db420d71	d1c8352f9b3d997a50bb6e9271731589e0aea832e64f97da7f95f67bf0161516	7871	yes	f847d3caca
_maps/RandomRooms/10x10/sk_rdm143_gamercave.dmm	420a3fbb564dc4827574ababeb485cc89aa27bc7	cdca1b228554a9d2c2cad2a48c392cbd1ec29857b5a807d998e666df83ed32cd	5522	yes	f847d3caca
_maps/RandomRooms/10x10/sk_rdm144_smallmagician.dmm	bbc5bae6ee91334cbdfc6810450caf6e2c543a35	3f977ed53e96fa7042a071afc0bec431d12362e6b2439c0316fa8833fc873721	6760	yes	f847d3caca
_maps/RandomRooms/10x10/sk_rdm145_ladytesla_altar.dmm	308f6d93ac4358af0a2c44d777a3f9257db29de2	980e663886768336ac33603b3c19566515d81a04b6c68ecc0746b233572fc3af	5640	yes	f847d3caca
_maps/RandomRooms/10x10/sk_rdm146_blastdoor_interchange.dmm	e56d686501377ad2eeaef3f5ba0659f8daf6db8c	1227391bb9532462097b434ef2a83ef8aa741d9722103e760abb5e61b0ace9a1	8344	yes	f847d3caca
_maps/RandomRooms/10x10/sk_rdm147_advbotany.dmm	8b0d60b3effd7b771e7c7f22661c20f8f0ecd98f	610ad5a5a78bd87d565b0140ddceee8912383f15accbbd720e5acd2414453e80	5151	yes	f847d3caca
_maps/RandomRooms/10x10/sk_rdm148_botany_apiary.dmm	7f3be44cacfe0c5cb039508a8a6f6288e2040bee	ec3955dcff3ea845a7b9cf8cfc9935a76480a8646b8b70f1e36b3fc852dc34db	4898	yes	f847d3caca
_maps/RandomRooms/10x10/sk_rdm157_chess.dmm	ee3a91aba63432c31c043550579ec2d0b77f2f88	c5f41b4216e76fdf7314bfb704041ebfbcc27978d081a47e5f7392ac5055f363	4727	yes	f847d3caca
_maps/RandomRooms/10x10/sk_rdm159_kilosnakepit.dmm	225b41cf311ca3409f099c9cf8274a8446ade22b	a4150e48d414ed4a060348b0a444c3315fc54975dbd8b236b709edbf93ce2c10	16910	yes	f847d3caca
_maps/RandomRooms/10x10/sk_rdm167_library_ritual.dmm	6edef0d095c3bdfee3747836130c5c54cef28604	66aeec597894a3210a8b555645b0dd17989b0e758e86d024c2c4bf3efb9cdc8c	13879	yes	f847d3caca
_maps/RandomRooms/10x5/sk_rdm011_barbershop.dmm	e6698cfac2f2be116443f30c4f5170b4c358a45c	4c6eec099840fd5dbcf9c5aac59bb6ec0a8b6e89e0ca6a88e861e8644d02d946	6823	yes	f847d3caca
_maps/RandomRooms/10x5/sk_rdm031_deltarobotics.dmm	4ece0bf4f2540a19703d35b030e13a06c9458a1b	2e2a3fbe83b2683f99673fb2ee8bde4b18c16ef17780a1d53f020a5794e66811	7326	yes	f847d3caca
_maps/RandomRooms/10x5/sk_rdm039_deltaclutter1.dmm	da159184c3952737b4595392eafdade4d573e721	8967a7521ba847b9fb055fc90468660f559b634c83993929c74bec2d344856e6	6618	yes	f847d3caca
_maps/RandomRooms/10x5/sk_rdm040_deltabotnis.dmm	6744d387c20ab25f047744b32ba8bdd266146669	3fce81f2b71953f486b8d69d9d08c8a781a9ca41c8a6d8d5c0b1d42d3b992659	4301	yes	f847d3caca
_maps/RandomRooms/10x5/sk_rdm045_deltacafeteria.dmm	7ec0356e6e59dd2c055ac909b767b400c6f3121e	2bb8b6a15547eddc0c86b1e6352574873b9d301b4c5c804603e2b074524425ab	8065	yes	f847d3caca
_maps/RandomRooms/10x5/sk_rdm046_deltaarcade.dmm	4a40b9220f1d458a1e7f890d943cd94bcbff08ef	09dba96a751410942c2785a75255d345d6d76d588004e27eb6787d2780b82588	7997	yes	f847d3caca
_maps/RandomRooms/10x5/sk_rdm082_maintmedical.dmm	a8df6eeb013d21961cfa7fc8afe0d3bcd10512fe	5633d0d5dbccca1412183d8ce70cc1942c1ac77f9b85f0274ee78ed2a1adbe88	6385	yes	f847d3caca
_maps/RandomRooms/10x5/sk_rdm091_skidrow.dmm	9933aa321c2861a67c6daac290ccbf9ff83034c8	2f90481cf580f5da4774c592dc2101908394bc5d76467450617e35030fae5319	5878	yes	f847d3caca
_maps/RandomRooms/10x5/sk_rdm100_meetingroom.dmm	2ccc80c72f047f133ce76f2a3ca556140d6e5c5f	383d20053079a3bea4bfbbd2c8987554dcd271fab0da2690dfd13b3ce36e4177	5545	yes	f847d3caca
_maps/RandomRooms/10x5/sk_rdm105_phage.dmm	89b5916e695d8b65e3c22a60da2d1264837a8029	ffb562e93156ae69a4b75c030ab46799dbdd615027d9830fc56e3c3f20c3eeb9	4104	yes	f847d3caca
_maps/RandomRooms/10x5/sk_rdm125_courtroom.dmm	9fb5467a9182818e4f4ddf6e9d41ab60321f1205	25602138809e01d948527579a6cedc5e2aad297ac66dfaebfdbb85f8ecc6cc56	6162	yes	f847d3caca
_maps/RandomRooms/10x5/sk_rdm126_gaschamber.dmm	6801587dd6d8dc98c3f41ea102071acd2ec38c9b	c0e6ddd3e783a4b0b8db682ad45c386e0c93969ac8f7e9ee141797e325de847b	8692	yes	f847d3caca
_maps/RandomRooms/10x5/sk_rdm127_oldaichamber.dmm	5f999f752c90cd41b05e6be7019542a237da00d1	e9b0b4e2a973678e4894a889f0544b2a666ca190669cccef19447ba77cdf5ea8	3671	yes	f847d3caca
_maps/RandomRooms/10x5/sk_rdm128_radiationtherapy.dmm	6991e9547e6f2706ff78161ad04404e67573921a	e46d1528121bb340a30943bc45f215b614f29d219388e53ede1a938fe1cb6af0	6445	yes	f847d3caca
_maps/RandomRooms/10x5/sk_rdm149_cratewindow.dmm	36e454e424ec9b54e6677cf27396ae1ae83a8350	103870cfdcd9a72cdf2f04af14590a1cfd761aaf104746c8179222ebc34b89c7	3808	yes	f847d3caca
_maps/RandomRooms/10x5/sk_rdm150_smallmedlobby.dmm	cea95e4523fd52232d4300eaee41d8ee5ebe1f94	6e72cc660faaf6cef1726cb40c13a556aa40dcd7ac228e2550221b8affaa4dae	4534	yes	f847d3caca
_maps/RandomRooms/10x5/sk_rdm151_ratburger.dmm	8b46022af9388de47a652047de2e402950b3a26c	6319018e4aa0787b9e2ddd0bb36234e2d50e2a32c1a4cf3de0fbb9e019ee6cae	5903	yes	f847d3caca
_maps/RandomRooms/10x5/sk_rdm152_geneticsoffice.dmm	b4517241566aca50aa5a0981a2e5f60fc0e67066	9b76554e75e7a6208a4da0a074bcfa963de90ae4fc8a3e830f6876b636de096c	4564	yes	f847d3caca
_maps/RandomRooms/10x5/sk_rdm153_hobowithpeter.dmm	93ae19ca4497fc1e71dcdd2ba0b774d5ddd70d52	9a4b2075e2a138ff0fcc2cb2db53c40050d39a67c8280a9f82210fccf309aff8	4910	yes	f847d3caca
_maps/RandomRooms/10x5/sk_rdm154_butchersden.dmm	5eb90b2ecf24da86c80b8921a8a3598ac8303f31	c9590c8dc191b783ec76c24f5164b8a336c814155398cb7f56a773ca39372b22	4095	yes	f847d3caca
_maps/RandomRooms/10x5/sk_rdm155_punjiconveyor.dmm	931cf04b408a457833cbe56b6498a5ebc313764c	5ee900fce3e5a2b6812c79a862ebcc558b7c845e0afefce657fa86ebb52c10f2	2330	yes	f847d3caca
_maps/RandomRooms/10x5/sk_rdm156_oldairlock_interchange.dmm	cead15850548a3801865dc0ad8087c9a598e5d78	8422a8c50856b0436c1788ea367b95fbb2e7f76f1ecfa9f2a004c85edfd58cb5	1958	yes	f847d3caca
_maps/RandomRooms/10x5/sk_rdm161_kilovault.dmm	98a2e8056ab38eb2baa8a053e73c7d0bcc2f8b8d	761dc7ac5e697332c1a95a673cae1631ad89fbad33339c886c05e92bfd7c5052	9980	yes	f847d3caca
_maps/RandomRooms/3x3/sk_rdm001_9storage.dmm	7ffbc220d6b6e454ac0dae384596ac48d7350b5f	bd322fc23744246c3bf4a7b2dc40c8b5ebd66404ad527e1b68e5ddbf5a2220a4	566	yes	f847d3caca
_maps/RandomRooms/3x3/sk_rdm002_shrine.dmm	0e64c2d5e23b7065eccd23503bce02f66d1f57c7	8e25d711296f0d0f35378acb590abeb43d90695fb42e1619173d0f7d03e5d191	870	yes	f847d3caca
_maps/RandomRooms/3x3/sk_rdm003_plasma.dmm	2a39054074d885ab336f0eb8f7aa2632067a42f2	8c42d2bdc98b91eb266a7986074712153790a7373337c30ce8c3afc2b447f2c9	561	yes	f847d3caca
_maps/RandomRooms/3x3/sk_rdm004_tanning.dmm	e0f23a8ea19c31dd55dcc3162d7b7e6127199124	535367e98d34d05f6872a45fb128ebd1952bd4cbf2a64ff3f7bb93c1b7bbc035	1071	yes	f847d3caca
_maps/RandomRooms/3x3/sk_rdm005_wash.dmm	c884afb3f60222b65b9c2e3c52c35f89b590fe4e	0a55d8259cfa5dafdfcb0b31cc0e37821a1cf351fcafb59aa5e2e276eda56192	1144	yes	f847d3caca
_maps/RandomRooms/3x3/sk_rdm006_gibs.dmm	a4b9fb42fee56d01459d3a74070cc98ca6883f7d	5644ade25cfd8b8d176f60008b57234ccf0b1112250b2113729f0eabf8f91f71	1322	yes	f847d3caca
_maps/RandomRooms/3x3/sk_rdm007_radspill.dmm	b2473bcbd39ec936627107329d83efc895dd1e90	ebd1b8c35957278af16b2cebb72d94a57dc8257a3007ea1ad184b83b5dae3dcc	644	yes	f847d3caca
_maps/RandomRooms/3x3/sk_rdm008_2storage.dmm	fe658152b814f466f1da89ca621835f29b5e58b8	49c077acbb6e82996cc6031f47867bbe2883b41368c437a2daa549d643bbe762	603	yes	f847d3caca
_maps/RandomRooms/3x3/sk_rdm009_airstation.dmm	46946f44c55ab034ac3f84ddfb6f1724fad7b155	3150c421465f2a438c8a97dd42991bdd5b5913a8889a56220db728eac6e7363b	1022	yes	f847d3caca
_maps/RandomRooms/3x3/sk_rdm010_hazmat.dmm	a8864cef64823db8df1b05788f55b26cae705ba2	407580d48b22c1bfb3018878aaadb8dd26754e0ea90225771d0bd26f5e274482	1117	yes	f847d3caca
_maps/RandomRooms/3x3/sk_rdm014_boxwindow.dmm	ddc1ef5c4d0dab0694d1c2d6639aae4dfd4e542a	acb6d345d8cad14904d174c53f652bf8e9b7d2a0fc06ec4752322a893e669165	848	yes	f847d3caca
_maps/RandomRooms/3x3/sk_rdm016_boxclutter2.dmm	384b85c51177ef4ab73e8aa3ca2ecffe4ee80b26	6442323ff159ba885d0e047156ab63cc6ba3ed0df77157d0f9f00e7fdcf7ec87	712	yes	f847d3caca
_maps/RandomRooms/3x3/sk_rdm017_boxclutter3.dmm	021f4b17d30d172c43fac0df7fd192390325c3bc	5016d44691bd8b9232caf07e028e9fa5b00878a31fe780176fce41dc4ef2e6d3	968	yes	f847d3caca
_maps/RandomRooms/3x3/sk_rdm018_boxclutter4.dmm	c29a15d6b39c1764abe2a5d9528350a8ffbb4f53	6bdbfe1ef50e4e2fc8588147d978e6fb0b1fe3d87e80038bb6b5f1af658df551	601	yes	f847d3caca
_maps/RandomRooms/3x3/sk_rdm019_boxclutter5.dmm	87636f6a16d7eebc9bc5389d31e27907bcf567b3	4db353c3b1e288e99532d9ffd031d2cf7e2837ffd334f98a8307361263862c3b	661	yes	f847d3caca
_maps/RandomRooms/3x3/sk_rdm020_boxclutter6.dmm	c587509c96aa8e1920b3856752cd08328f236e67	5a0e045f9650d6a908d8c9102b8cb7716926d95e08f05cfd8d69e841a097acd1	962	yes	f847d3caca
_maps/RandomRooms/3x3/sk_rdm022_boxchemcloset.dmm	cd9b5e8af46d9b622c1501e2097983e4210c6c79	326f770d8d410c2aa360eb4a1beed9d0f4bf05d5379b498fe2b254bc5786d3e1	896	yes	f847d3caca
_maps/RandomRooms/3x3/sk_rdm024_boxbedroom.dmm	a38ea068bdd7e873e459b50e6d533417bf9afff4	990c9b2eeae5eaf84c43d7788da4a54c9860c54c9f00e3afbbea0be53d63f5f3	763	yes	f847d3caca
_maps/RandomRooms/3x3/sk_rdm025_boxclutter8.dmm	801def3323c2baf1560dcc5636460c0d7d97eb1f	6d88e5d2597b70db9a6110167ec8f44ca1aa66402f5a67e20ef8d05f6d80ddaf	667	yes	f847d3caca
_maps/RandomRooms/3x3/sk_rdm027_hullbreach.dmm	9f0afd69e615e2235056b0dcff4216d0c624fe12	769c2b7fe2440975b1aa988a7671e01e7377eb68d5648d42aa4105963645f531	760	yes	f847d3caca
_maps/RandomRooms/3x3/sk_rdm028_tranquility.dmm	35eb519226abe44bbe0251f422cfa04d7459d018	5265b5e179a2d33a845d5bf2debc06d72370b3dc8adef762577f5d82b6711a34	620	yes	f847d3caca
_maps/RandomRooms/3x3/sk_rdm036_owloffice.dmm	82fc82986d57ca9d64f0985e3b4e1f331e7dd210	b4a13fc54131078f08e9637737a91745c9ed35bc53d628a0ad5a1a1a8668afbd	1960	yes	f847d3caca
_maps/RandomRooms/3x3/sk_rdm037_deltajanniecloset.dmm	e980d0cb3bacbc628109b3682d41f1146a85a135	200858917834babaed3ddb1c455e9c9e1ea91f2ee54d86a98f26367ccdc82629	2022	yes	f847d3caca
_maps/RandomRooms/3x3/sk_rdm044_deltaorgantrade.dmm	efc5f8d0d7e2a71aa86997b2c003b927a1ba0e0b	e03a6e2bf9acdcfea9e9208bb3ff5592d6a07c5fc9fd8294cb59028ab40364c1	2077	yes	f847d3caca
_maps/RandomRooms/3x3/sk_rdm050_medicloset.dmm	a3eae8470a00cdf0ea60e399607fe3017a05fb46	eeb9dbd87eb8313697dbef30b59f50bb1764d65dad9c98b192837d99f685d498	1780	yes	f847d3caca
_maps/RandomRooms/3x3/sk_rdm051_metagamergear.dmm	f76a1fd159d2adbd9df3ff221177f394ae5833aa	dae09545047d4b7c59ef1b26b3cbf66332fd63950df36db32a8fa250b1c77ba6	2909	yes	f847d3caca
_maps/RandomRooms/3x3/sk_rdm053_metaclutter2.dmm	c15d5c179949cb3f892f4a2fe7e729ea5da6aa46	f338a73734e914bdf9d852c5757d6c52211a945ba01b6167dbe131c55710aaa7	1115	yes	f847d3caca
_maps/RandomRooms/3x3/sk_rdm056_metaclutter4.dmm	d3aed527b94ee70ffb1d5a01fac70b5f15d2f2c9	c3b0e846bb59353b169a5101bb3e59b36d90f00c75383fd6671663a938098ad6	1002	yes	f847d3caca
_maps/RandomRooms/3x3/sk_rdm057_pubbyclutter1.dmm	7cb0551f993349d58ae280af057d92785959e27a	2813db97623f59a3d5948f1a47f6fafa8a08c4f5243349be0dffedfa254410e4	1002	yes	f847d3caca
_maps/RandomRooms/3x3/sk_rdm058_pubbyclutter2.dmm	7ee567067057cb7902fd3c8a86d05120b1c186b7	ccf687bf2cd1b5a699c00adb8780d5906c386e0f48879c7608cb102c19250921	937	yes	f847d3caca
_maps/RandomRooms/3x3/sk_rdm059_pubbyclutter3.dmm	07f46af43212305da96854f30c0b0b73a43515c9	6def85668a12f5b771af98aa1d3f35fad26da539f535fc9302eb21941a895f4c	1076	yes	f847d3caca
_maps/RandomRooms/3x3/sk_rdm069_pubbyartism.dmm	a9413d10ef0e043af6139eb82248d28495597f61	00b3223d79b78c39d660bbf1041e477de99d393ac68cbf3ac2e45b4438cc9fd3	1287	yes	f847d3caca
_maps/RandomRooms/3x3/sk_rdm072_donutcapgun.dmm	2f37e7fccd534e4d7463b20fb0bd53de55524139	13c862300dc85e807cafff8b1ee10010321fe8b2d0f85df91615f0661a8d9bba	1028	yes	f847d3caca
_maps/RandomRooms/3x3/sk_rdm073_kilomechcharger.dmm	8b432f79dc5e425638a56c65197c3ea512f590f4	9a557655ce05629f5cac79465ee30e5f07b62e675a3a18965902207e2cab3e7a	1793	yes	f847d3caca
_maps/RandomRooms/3x3/sk_rdm074_kilotheatre.dmm	d5ddae62ea8b45dcca2a30f2fc7172561261cbd8	3bb1ae1f77847f6998f2a829f581c92c08b7e50c39d9e3076bc1402bf51f008d	2090	yes	f847d3caca
_maps/RandomRooms/3x3/sk_rdm077_kilolustymaid.dmm	e6be59dd07d9ebd4f779cd09b250914cf51310e7	506db8444db7c787599a35d1245de67dd7d69a1d853b6e385ea6028cde3a3a3b	2462	yes	f847d3caca
_maps/RandomRooms/3x3/sk_rdm081_biohazard.dmm	04f787182db829f6f06873694f6076d9d09323bb	d8093f7783ee7403b33b965edd4e267e1abd55bd677ae5181f410c40d146c410	1817	yes	f847d3caca
_maps/RandomRooms/3x3/sk_rdm092_hobohut.dmm	b170e37558df0c4009c66c2fffe5325427eca48c	7da0cc2ac453f95e535c0f6c33c04b42861d48a28b8652f93d4d67a5c9162931	1606	yes	f847d3caca
_maps/RandomRooms/3x3/sk_rdm093_bubblegumaltar.dmm	71ff21e7f4191b49dd35400970118ba92d1addec	05de2f99e44716589a409195c2d334d929555c95aad5065f2a0dfb4014f72d08	330	yes	f847d3caca
_maps/RandomRooms/3x3/sk_rdm107_banana.dmm	8ee1e88db088440d8224a870ebe5ac2ac3781142	b0aa9bc0573a13480df62d49267b6e747db832c306618701a487d17188457d65	721	yes	f847d3caca
_maps/RandomRooms/3x3/sk_rdm108_communism.dmm	366e6d0d382730ac8cd35efacf36d06ba443e455	ff60c068e46a3651aab9cf46377d74b2392dc86585883989f4eb3b29b4a30775	1196	yes	f847d3caca
_maps/RandomRooms/3x3/sk_rdm109_hardclown.dmm	83a965ebbe4be828496ab43a09467d9595634be1	387759b5e7d74cc1097ad1a849a0db42b056aea14cdf03322a4c6e3f295eb5fa	1759	yes	f847d3caca
_maps/RandomRooms/3x3/sk_rdm110_lipidchamber.dmm	b93185c6074fd602bcf0abbc515647378f855df9	282f4eff328ab419f56882918c966ca48aafcb6fdd89ec172ad71bd67b2ef8b1	1131	yes	f847d3caca
_maps/RandomRooms/3x3/sk_rdm111_naughtyroom.dmm	24d4fa1986559a0702ba79150357b0739d30450c	d81d69d0a9d787b27bb5c535326ee5b7a3e7af295207107768df84dafa95cfce	1003	yes	f847d3caca
_maps/RandomRooms/3x3/sk_rdm139_containmentcell.dmm	e98f117d3f17765bcee89ed9b18d24fd7b17c35f	896d9885f0706c22fd7cc941e5bcd63744ec8c5d16e38b020c3ac595474d34e2	900	yes	f847d3caca
_maps/RandomRooms/3x3/sk_rdm162_control_room.dmm	91cc0c5174c21350fc654221da0108a63d81e6de	78b0b61658fae9dcf0e63c0ab0c8a95fd6d8e0dd8b1a3fc015bc93fbcfcca5b2	2435	yes	f847d3caca
_maps/RandomRooms/3x3/sk_rdm163_corgi_butcher.dmm	5423fe9c95626eb9e4ebca7a8ddae366080bff7e	040b3de3049aa07b02633c8f12de70b6fff73703d14eeaf7996e4442dabb0d4d	2674	yes	f847d3caca
_maps/RandomRooms/3x3/sk_rdm164_cornucopia.dmm	a54a34b163c2b447d8d5ae415d36cba48e20cad4	d7b21dbc009d9d97bd9e31bd0dc161656f7ff6d46af67e17cbe5d8f8a6316d64	1526	yes	f847d3caca
_maps/RandomRooms/3x3/sk_rdm_165_library.dmm	8bbb602c1bac7791d11cfa94d1017a4d4fd5bfbb	3cfd7068ec8da260e31f74d1efa0acfd8d5f1128d192489098d0e298b03ceb15	1627	yes	f847d3caca
_maps/RandomRooms/3x5/sk_rdm013_boxkitchen.dmm	d78064405436a0a9db67948e35311f5352f4f064	87b9b5ad9018074084deb6ba22c1aad4c2590f95163cf560c8cce0d8c096a764	1754	yes	f847d3caca
_maps/RandomRooms/3x5/sk_rdm023_boxclutter7.dmm	5b38f14bb6eee4859550c16f3ff0d4dc6fc4976f	f82b10b38531c0a93af611493bdfd1cecfd8195f1ac785c21eaa73733cfc1056	1438	yes	f847d3caca
_maps/RandomRooms/3x5/sk_rdm063_pubbyclutter5.dmm	55a012260e8943178a5f63e0db5e85ccc4e94d36	1f256f191043f75733d0c48ee7be6c7b8783cb2cc8a089a3f76bd95575e67012	1241	yes	f847d3caca
_maps/RandomRooms/3x5/sk_rdm064_pubbyrobotics.dmm	399ae1ea17f5572f02818f90e780364b9818977c	17552fd39405343f1082f012975d4a511f1d86acdbcd010cfea4f08cfeedc73b	1301	yes	f847d3caca
_maps/RandomRooms/3x5/sk_rdm065_pubbyclutter6.dmm	e4beaae251479ae9b0a7a07dfb95156f29be59da	073fe58b51e8f2f3b66d5bc55eb4a7d46db9b90b60d6e9dbae517acff8e804d4	1298	yes	f847d3caca
_maps/RandomRooms/3x5/sk_rdm079_kilomobden.dmm	346bd4cf9653a9d2ffb9b67f01cf296cbaf75060	49d6dde3aaf8018ad63249a0cb0308b0348def757b9c5b8407a278b74e7a744a	3710	yes	f847d3caca
_maps/RandomRooms/3x5/sk_rdm084_monky.dmm	25049e7da67380e3089bea6c581a92a4ad97b8ab	ec7b9daddd6053b5a3af9025ae6eed40032bf44ce122d5e4d81bdce561c48f87	1520	yes	f847d3caca
_maps/RandomRooms/3x5/sk_rdm085_hank.dmm	e7867931aded9a37f0e5aeb3c7da33d0ed2c3505	828c5348043805d5a650966c4e31e368ec03ec3509a9441d9d75bf80277438fa	1348	yes	f847d3caca
_maps/RandomRooms/3x5/sk_rdm086_laststand.dmm	132146c7adf23f7821de63c49d18ef05c02fc52f	159e03d9463af3c52f18a01d309d8311df665afe43c49a37648fe9f759013685	2059	yes	f847d3caca
_maps/RandomRooms/3x5/sk_rdm087_junkcloset.dmm	aafccaf8bea1407764154ae91d2e05372a0cadbe	23b4f6511e081c16536f584bfdafd98bd0053f7d4a576b94eebc45f39f8c35ee	1908	yes	f847d3caca
_maps/RandomRooms/3x5/sk_rdm094_canisterroom.dmm	eb2cb309462938f208e949a178b09c5c99acc819	327707c24abadb497aec858b1df686f73172933949b41c06d60c322c3392f10d	1763	yes	f847d3caca
_maps/RandomRooms/3x5/sk_rdm095_durandwreck.dmm	610a7a25a835bd248ab51270a24184ec3b81f706	10dac1b65f9131d6dba2e9636b87e71e4c8a456ad5bc6b09ab7bc90e3dfbdc68	2277	yes	f847d3caca
_maps/RandomRooms/3x5/sk_rdm112_chromosomes.dmm	6a04c009e018afea2085e7ee1668feb72924338c	8f981dfa247945c32f0eb1fec587bed538f8a9ad06e9236fef9f63da53a7102c	1788	yes	f847d3caca
_maps/RandomRooms/3x5/sk_rdm113_dissection.dmm	9c97656f51986771a793cba852536e51daa77a24	e64e72f5df9ceb2ed4b297f325f402ffb7f4bba43b143e910d1d50686c5591e2	2445	yes	f847d3caca
_maps/RandomRooms/3x5/sk_rdm114_emergencyoxy.dmm	eb85f63c78278539030829c995c02cad157f3ae5	06bf0c21c0487e3b13d285171e5d4eab849276c294420abfa032bc5898c0a8ef	1875	yes	f847d3caca
_maps/RandomRooms/3x5/sk_rdm115_krebs.dmm	00901fa4dc8e52a2013fe01b6f71f3893050cc64	d6041cf9bd7e5f62d5f357704047c4ae773ca6c7a82f49168b48a713ec654fd0	1685	yes	f847d3caca
_maps/RandomRooms/3x5/sk_rdm116_oreboxes.dmm	fc9260f5c814067827faf76ce8e7695aa60e41e0	3a65087dc371e07fd3b3a88dbdc91d4760d29c17f8dd81b6569f069f32b74e80	2390	yes	f847d3caca
_maps/RandomRooms/3x5/sk_rdm137_tinyshrink.dmm	db5ac09a25a75937e7035999a1805c7038b4972c	c122930c72e0aa6647540ecb5e396a61792c1537e755c207a75b79720aed77ad	2282	yes	f847d3caca
_maps/RandomRooms/3x5/sk_rdm140_crossroads.dmm	405d58816955700fb03d498292d84f060ada34e3	71137315c356c6c48ae4c78c849e230b5c434cbcdc54680ae84566c3e9fb64f8	2414	yes	f847d3caca
_maps/RandomRooms/3x5/sk_rdm158_kilochapelstorage.dmm	c59d9c3b91cda7c17adf24b5898a89e671efccb2	9877b793ece52c9f7209afa23775f850600382bcc95538810f62a65ac103b47a	3739	yes	f847d3caca
_maps/RandomRooms/3x5/sk_rdm160_kilomaintbar.dmm	2ebe05c01272886f2218dc182b4cbc2a99b1152c	5e4e65776270905d782e5c9828a9a72599533fbefb0ae6488866434454b0cf6d	4530	yes	f847d3caca
_maps/RandomRooms/3x5/sk_rdm168_offish.dmm	c026ce96ee20151c365eab116404fcd9cacd2723	377241c5503fcd5ec19a57333f1fa9856933f594ca904ac2e0032261dda043d9	2122	yes	f847d3caca
_maps/RandomRooms/5x3/sk_rdm015_boxclutter1.dmm	65f126acaeb2f073bed1b0092d060804b491346e	c26023e1c0f72b94ff961ab1d80ababfbfaa6605e08769c3252575384cbfd3c6	1069	yes	f847d3caca
_maps/RandomRooms/5x3/sk_rdm042_deltaclutter2.dmm	3b05724c7a235040d7554f395ef15c193259df9f	1f974a47063db7c4d196b5d588ef63b7282bc7214e6b84c689c4e34b14aa431a	1987	yes	f847d3caca
_maps/RandomRooms/5x3/sk_rdm043_deltaclutter3.dmm	7d1babeb52bcbf817b9cf22a5fb874b59fddf8d5	28435084c9b32c6e70d96240c0b9c2fa0cf803524094cf2ec5b2fee9d8a92abe	3025	yes	f847d3caca
_maps/RandomRooms/5x3/sk_rdm052_metaclutter1.dmm	229ccc7b6f8aadc98a09244373f0cdaf4a75798d	70db2365e948b9edae61c43b4c29ce8afdc733f40ea9c6cc74f8d35967eec5a3	1247	yes	f847d3caca
_maps/RandomRooms/5x3/sk_rdm054_metaclutter3.dmm	19452a6ea86866f9c2ce378838d47e4bc59b17e1	d278083923389e43c155c066133f89f5454e2c695c62745fbeb399ff2ae6f4fa	2331	yes	f847d3caca
_maps/RandomRooms/5x3/sk_rdm061_pubbyclutter4.dmm	be79f1651a9ea59e55c4d3ed7c8ac24e6ff6b93b	228e7fcc81bccdaffcdc1ecd592669ae56c619bf7dfd080263bcbbeb82f50c05	1532	yes	f847d3caca
_maps/RandomRooms/5x3/sk_rdm066_pubbybedroom.dmm	715857670f706e1e320cc54af75744ac93e6047a	74398d678ed6748306202da3ac2ed0f607da53f4274c1445a81fc002207831b0	1285	yes	f847d3caca
_maps/RandomRooms/5x3/sk_rdm068_pubbyclutter7.dmm	c34770b9a2f135c1d07e5aafd449f6aa4c31ab6a	ff1a6b98d53b693e6a58bb1f5007f3dc2e4fbc01503a4ca92baf13f306ea483b	1464	yes	f847d3caca
_maps/RandomRooms/5x3/sk_rdm071_pubbykitchen.dmm	ddc9b94cc8ad0e4557a38882ad977dec8a626c30	13cb39823c9c5c8932a52e09e37367b2f4ea00763d59690050fde33aa0025056	1910	yes	f847d3caca
_maps/RandomRooms/5x3/sk_rdm078_kiloclutter1.dmm	e3c416681f27dce100797e36a501e6d148bc193a	0dae6b76fe917e1df6f1b5b87cb6a87a23f156c1f145f93f455c76a7b8a44443	2583	yes	f847d3caca
_maps/RandomRooms/5x3/sk_rdm080_cloner.dmm	b5c795c798ba7bf12fe7109584533ecf80f569fc	3c10366c5fd4c0044cf13a0706fe5cd57cf56d1746cc4e87f2ae3ed6069e14d7	2901	yes	f847d3caca
_maps/RandomRooms/5x3/sk_rdm089_nastytrap.dmm	1b87f1d1c6ad42c95b16a46b3c1d9879caff466a	bbeffdb44076d45359cd36b6c136bbdb7440324c453cccac67fdcb44eb67d95f	2132	yes	f847d3caca
_maps/RandomRooms/5x3/sk_rdm099_incompletefloor.dmm	769e649df2b5a795608e26ef510924697fbc3d5e	5e857ed45bea83c2a2f82a795d010d19b9452a5a7bfd1f4d7eee98969a150b9b	1965	yes	f847d3caca
_maps/RandomRooms/5x3/sk_rdm101_minibreakroom.dmm	da7ba3958ebbbd2cdafeecf0f8d6b08ae12ef5d6	d3307a7f697be6e3e6dca194035de53754ac5a0c16b9cdbf2f834a733c1ca124	1597	yes	f847d3caca
_maps/RandomRooms/5x3/sk_rdm103_stroreroom.dmm	35b8f5395951baf09069a352e7430248f7b2490d	7209385f608f14aea5e90efe21610aa4ef63e88996c27b831617661dbb7f5808	1417	yes	f847d3caca
_maps/RandomRooms/5x3/sk_rdm104_pills.dmm	f67e091b36874a0636522b02aea74e2014e2ca10	11f580a7dca81dd02d1c5a47eb6941589ea6f9451200966a211a3c0649df1b91	2214	yes	f847d3caca
_maps/RandomRooms/5x3/sk_rdm117_chestburst.dmm	7aa15aa91109814525a5dcd453bcdd15e2ce4a45	24eeb60cf93a5309a7a95152b6dbdd5d9d9d185aa397c50a8f507fdb41694069	2334	yes	f847d3caca
_maps/RandomRooms/5x3/sk_rdm118_gloveroom.dmm	0ea670afa002cb31ab93fa2d19b27be372af7487	6d2422f8112867784e3cc14ed11fb57a1b5b0732153a3c561312199e7959483e	2044	yes	f847d3caca
_maps/RandomRooms/5x3/sk_rdm119_spareparts.dmm	eded0ba8be72dc678673629ca2f3bd4126aa8ea1	3bea3333a0385b9948a735b30f6c8c7053639ebf342dc79142bfc4aae7b471f1	2259	yes	f847d3caca
_maps/RandomRooms/5x3/sk_rdm138_magicroom.dmm	37435b380cdec052f1b601f7dbf8a8253ef5d626	d7aead62ebb2f66f3959d0940a5492f00aa84cedc330eba00b233fb8a16d4735	1680	yes	f847d3caca
_maps/RandomRooms/5x4/sk_rdm012_boxbar.dmm	7396c353a46b53a3c692f1bc4aad55c560a2f8d3	26d71c801a3c0a81cddc3f05274ec32cd6cb5fd733ddf1c4c0296ab10067eb6f	1326	yes	f847d3caca
_maps/RandomRooms/5x4/sk_rdm021_boxdinner.dmm	c25d5c5e27d046504eaf1703c3058af2a0e78c7c	b4a99e16544118aadb881328ffaae1c7ac1ccb0e7e47b0bc9501d7a700798ea7	1109	yes	f847d3caca
_maps/RandomRooms/5x4/sk_rdm026_boxsurgery.dmm	d0ec60f199533353080285290590970a9a52535c	48552ac7a772ff9de5896d33e9e9d7e50529a8f6c8d4b1783b0a34b86266e91b	2136	yes	f847d3caca
_maps/RandomRooms/5x4/sk_rdm029_deltabar.dmm	237fd50dad4327b28e872c1e7a3606ffc66421fa	e68389efef848e6d51b0900255699ca5eeeca2497f38d18bcf23c9e8f7bb5342	2630	yes	f847d3caca
_maps/RandomRooms/5x4/sk_rdm030_deltalounge.dmm	de128d7c9fa12385d008a5159037ac60467bf2bf	bf148b207ba185694f099a2ed1509dec71f2feea3028110cead3e5d60516ce86	2801	yes	f847d3caca
_maps/RandomRooms/5x4/sk_rdm032_deltaEVA.dmm	42efaf09918c09b0cc7e627018fb9d78c582b5c5	b49eae883688021ab8d90a93a2aface9d771e3e067332d61b61a109abce37cd7	4618	yes	f847d3caca
_maps/RandomRooms/5x4/sk_rdm034_deltadetective.dmm	d471d9600e4c3e12506b02f14fd85730cb5d4558	40f87425c95363104f310b3fe90ccde829bc517c7dab5f6bd9d371ab811100ae	3430	yes	f847d3caca
_maps/RandomRooms/5x4/sk_rdm035_deltasurgery.dmm	e3b7adfc65698a1f9f1da796e20a6eec39408b6c	79aa06078520f7090e3cc838c9910394f98edc54149a68a42c88158fff2cf091	5227	yes	f847d3caca
_maps/RandomRooms/5x4/sk_rdm038_deltadressing.dmm	a951e719d8ecec85c5340679dad2428a146dc475	d328b919df94f6884c971cec59fccff56f4aeef67a26b240fd5ceac2cb5ce92f	3298	yes	f847d3caca
_maps/RandomRooms/5x4/sk_rdm041_deltagamble.dmm	4a5014cc128d0eab2911d05cc3bd7a0705141ee7	9e06381cbd24e2ccb43ed49591378588a1717ad54dd0e6ef6db617f649c24a71	2282	yes	f847d3caca
_maps/RandomRooms/5x4/sk_rdm047_metarobotics.dmm	3119100ed1e4a8b724ebc087ec30e0bcb1cc40f0	8afa48cd3a584b6d55849da12e1e2eb1272aac0e67e910af52f46ca441a09b33	2544	yes	f847d3caca
_maps/RandomRooms/5x4/sk_rdm048_metatheatre.dmm	6d17dc77c606beb08696fcfe5c38d3c098701bf1	65ad5863770f4ffd3c1c43334265624950eded52397d413c06675dd37d8272cc	1950	yes	f847d3caca
_maps/RandomRooms/5x4/sk_rdm049_metakitchen.dmm	60d04ef91bde14238e6869c9b6c2159a9bdab2d7	068fbe9cc66121149a1b22f996cdda0d09691fa8cbaab7d2638e44d6dbe9fe82	2160	yes	f847d3caca
_maps/RandomRooms/5x4/sk_rdm055_metamedical.dmm	e4ca88d2931c672c191fde287e4e2d859a60f17d	72c2436ec21bd6c52942e2b2097410992c46e5f496aaef59a079925c66a5acde	3023	yes	f847d3caca
_maps/RandomRooms/5x4/sk_rdm067_pubbysurgery.dmm	0d0a1d16783b7f81603e2a2622d5f1f27db483d8	2b85aa2e837970ced019a5a76152d5318aee14fa289c1ca1d72eabeef3b2fba3	2830	yes	f847d3caca
_maps/RandomRooms/5x4/sk_rdm075_kilosurgery.dmm	ccef068e21cb89c3ec3b4d3be1638c78b5860b5f	80b728be896c13119014f1e00c4e305ba3536e02246fc828f82d4c2342328b02	2651	yes	f847d3caca
_maps/RandomRooms/5x4/sk_rdm076_kilohauntedlibrary.dmm	325541cfe60109aa6ade334c52a9d2d756cc1c7f	4cc6f64d4066b62cbc74d08dba1b33697bcfe12ddd41a539bc9f6621ff53d9a5	4548	yes	f847d3caca
_maps/RandomRooms/5x4/sk_rdm090_tinybarbershop.dmm	d0072f6a6f0cbf304068007d15667397a601c02f	4021b6970ccedb45cb61a51a62acd458b6bdaffdc3b5c27d7327fd5dff1999bc	2827	yes	f847d3caca
_maps/RandomRooms/5x4/sk_rdm096_comproom.dmm	aad3224d88a7e61240f92e59da5f4b6f13805911	6203c8bf479452827263a1b27abee1d9826f8386786d7bb5b120e63459e4ca08	2684	yes	f847d3caca
_maps/RandomRooms/5x4/sk_rdm097_firemanroom.dmm	e746909c0f915470dbe8e164b0900d4e201d854c	fe2b2f246a93ea9ef631faf1e22aa626ba8d69a339390b18cbf10f03723d3785	2761	yes	f847d3caca
_maps/RandomRooms/5x4/sk_rdm120_cheese.dmm	cb4377fdf2f687e05af4006ca8f4234a78014ded	c1c445768bdff0f5b748632686ec9ca05077c61a7b7ea7b15bc50b3e03580ead	3411	yes	f847d3caca
_maps/RandomRooms/5x4/sk_rdm121_honkaccident.dmm	4b9af13d66c1aa98c119879bfc56651ce8fdb214	16788b1c3f828c81b4ee8f8912dbbcbd1db32b811ba02c8222a48b789a60074c	2515	yes	f847d3caca
_maps/RandomRooms/5x4/sk_rdm122_musicroom.dmm	626e65e801945528aec280222b857214a4eae750	c4c7d62bc04dc59f95d213404561c4fe7679d2360c300b8d9d727b051d840d1d	2316	yes	f847d3caca
_maps/RandomRooms/5x4/sk_rdm123_nanitechamber.dmm	43d37bbc5dbb82a69e783472868e335ccf940e96	50ec35f7382fd835503c1d94819d435c1eb377ae04c330d58a320fdfaef093ef	2706	yes	f847d3caca
_maps/RandomRooms/5x4/sk_rdm124_oldcryoroom.dmm	98abcef9c7baf867af18694d65fa9ba7db684582	1e96326213cf4a56bd43c6ad936360e1a4bf6f1bccc6084c33750139d07824d5	3655	yes	f847d3caca
_maps/RandomRooms/5x4/sk_rdm166_printing_press.dmm	2a259bd994968430aa654618f999a59a2c93ca12	e4b03d0d2f0b9ee1b765a3667b7c94965b7f802c4538b75e504b5f68ee0d4ee0	3951	yes	f847d3caca
_maps/RandomRooms/5x4/sk_rdm169_solars.dmm	5eeb139b70b8ad10101191cf0976dfd3260f423f	bec44013800c5bef58327a38875ae67d9361409b53930cf676332a1176d0ade6	4381	yes	f847d3caca
_maps/RandomRooms/engine/atlas_engine_stormdrive.dmm	1bcff881806a4870dcc67a56b843c2b2a3a3a289	6325a691eb64698af76adb9261e78e04d538733688244a5b6bfe7c8218bf9eae	17363	yes	f847d3caca
_maps/RandomRooms/engine/atlas_engine_supermatter.dmm	301c8b65db00f950f2bd5c6cbbfa4fb625e87bd7	f32231b7719e32a9614e75204abdb7093d6c7359df406dbecb63727fceeb6a09	39707	yes	f847d3caca
_maps/RandomRooms/engine/atlas_engine_tesla.dmm	1f8ed42a087c0eda7a25c63b806d709498208bd3	96c2500202a1430474fecb683bfcf78590bc304a963b7fa53bbe51b4bcfd8e5c	25105	yes	f847d3caca
_maps/RandomRooms/fland/sk_rdm_fln_01_scooterpark.dmm	448ccb4f9ac28977c93841643b3f940b239c16be	a5af4f8a2e22f3f51c80182b3de08b5eb07874d92bf29b03ce9517f3abaf4941	6231	yes	f847d3caca
_maps/RandomRooms/fland/sk_rdm_fln_02_beelounge.dmm	94acef4826eeac67a00904944dffc00f3355ba2e	65f2b6eb2cfb1eccb4f5672cb34d9107baa682e8a72d65a38610cc4dd6a0747d	4739	yes	f847d3caca
_maps/RandomRooms/fland/sk_rdm_fln_03_vendingminimarket.dmm	844db6e7301c5d548480e86cddc259693dd71e79	0e9004d2f1183aa50eacdd68e82449f7ef6c344b15d0deca9a26bb6b7d5e2a54	8102	yes	f847d3caca
_maps/RandomRooms/fland/sk_rdm_fln_04_conveniencestore.dmm	6c3cd08a1b6fe0d71eeaebe80b8b2bce2b9ad82f	a634267cd3dfab259b2f63c4085b04ff0a807f6acfb7b7a92cad07055cbf1ef5	5680	yes	f847d3caca
_maps/RandomRooms/fland/sk_rdm_fln_05_apiary.dmm	b1c2501b4d1348309ba6884a0cc3820f26839ed2	192423d8b5270d4cc48081b4652f180fbcd8c5900ce93f08765dcbdff57b60a1	6219	yes	f847d3caca
_maps/RandomRooms/fland/sk_rdm_fln_06_publicgarden.dmm	514a390c2f82a891c8f58c05966a0a884c23a54f	b2b1f082bea43a5d94067fbe5abe80c6274f5a273c2bb94b2b9a4a754d6b255c	6199	yes	f847d3caca
_maps/RandomRooms/fland/sk_rdm_fln_07_theletterh.dmm	06fc5b5781c4e0aac8d8baf9c2e00bc939742a17	cbfbf9a1e906ee2ab6ce710b2e4684a5c44d69870bb6b934af6e9db4775a5625	4470	yes	f847d3caca
_maps/RandomRooms/fland/sk_rdm_fln_08_zenroom.dmm	7aeb2bd27bf9aa7e757de2fdbc8629eaf2d3992a	d7349024aa88013d3849a5a9664ad3282b0e2fdbe87f02a6c7707779454ca9b5	4797	yes	f847d3caca
_maps/RandomRooms/fland/sk_rdm_fln_09_barbershop.dmm	7f14b3abe9e65e740d5c3fe42fbf94ffd8cf4af3	31fb49b169c683fc8a8cbd13ff182c81b3deda0979a4e2a1f0d034cc8393bc86	7482	yes	f847d3caca
_maps/RandomRooms/fland/sk_rdm_fln_10_readingroom.dmm	9b1502071f143126438b47902f99917a3b57733b	e1fe0de986df2417e583b8cc1c33eb5e9a1798d5aea4b0fa99c2fa84eb2802cb	4503	yes	f847d3caca
_maps/RandomRooms/fland/sk_rdm_fln_11_hobobox.dmm	13a4110a787496226177e38b1dca48b67dc9676e	38f9d2d3a862d2f597f4a4304a14f993dcf16df9254df5cd88b0085162829e2e	5878	yes	f847d3caca
_maps/RandomRooms/fland/sk_rdm_fln_12_magicstage.dmm	70cfcca1606785d127469d2792d77c453df155f9	c76e5886c92ab6133a0989d4e890ff1861012d9dfcf9b19e3ebeeaca591b61cf	4128	yes	f847d3caca
_maps/RandomRuins/GulagRuins/ashwalker.dmm	cc3347c59661e6b8c9129bd0c45e08521283d49b	4105f965a076d9184f2f444c3670d22ddb3c399ed9be19600e0e9077ef467abe	50553	yes	f847d3caca
_maps/RandomRuins/GulagRuins/gameroom.dmm	387c85448586379c8cef91ddd083c8838a43d92a	7431530920b8379d9f21c0da6b5e6f84e504ac5c61ffc432b61d2a013e2aa397	29658	yes	f847d3caca
_maps/RandomRuins/GulagRuins/golem.dmm	e35d022d943e7ec8a186ed119613010dd4740724	b13861490fd7d35605775c229c3e761298bf3c9c2f785667ce9bd1e9a910ede1	31026	yes	f847d3caca
_maps/RandomRuins/GulagRuins/menele.dmm	d9ea382e570d1ec3ff16ed8b6fb022a9cf196131	8612e7de763e5b89a80dec80ead82497dff49e23cf95442749186cef5d172246	22832	yes	f847d3caca
_maps/RandomRuins/GulagRuins/seed.dmm	c7b2c640051af72faa85eb4732dd67c264ab5baa	3b576b740b01d3a1bc4cdfab09dfa1184d36eacc9d441aa66f7fa09b5ac386bb	20960	yes	f847d3caca
_maps/RandomRuins/GulagRuins/syndicate_bio.dmm	1da6d66a30e20757278d89c9783de785ad801d48	a283916e310f64f8f6f5e25fc01ccce571ed363f3c4f812296caf033966dc5dc	155131	yes	f847d3caca
_maps/RandomRuins/GulagRuins/syndicate_listening.dmm	18fddb6e842ffb1d3c613f077ff59e17e927782d	45b012e8fc665507a7d9f43ea96b206d68fe737451c2158ea13a47bba2b52212	34564	yes	f847d3caca
_maps/RandomRuins/LavaRuins/lavaland_biodome_beach.dmm	a1606179832ad07de138dd56668460571d826e40	0841929252e06ebcdbb4f016c163eb6a428d56fa94fb7586c6dab4f1c3b0ca3b	18881	yes	f847d3caca
_maps/RandomRuins/LavaRuins/lavaland_biodome_clown_planet.dmm	48475d1bcbf90d6c317a612a701f4c8903345a21	8cb4aff942fb7a12e2df2712d0cbefc2024d8374b8728619be3bcbd7e64ee01e	32643	yes	f847d3caca
_maps/RandomRuins/LavaRuins/lavaland_surface_animal_hospital.dmm	9fee4bab7b813ced70eb3b16d1d951b6f7e8d27b	1aa396734ff233b262c36503942c9553bdcb6434eac523d5cf3d38a3f8c127a6	40415	yes	f847d3caca
_maps/RandomRuins/LavaRuins/lavaland_surface_ash_walker1.dmm	1587a00788e0688db7bf4783bc314a1dbca3d4df	8aaa25cbb9dbb05f3f85042d1e377a8917902897b48ede9cd8f79fcbffd1ffbe	38427	yes	f847d3caca
_maps/RandomRuins/LavaRuins/lavaland_surface_biodome_winter.dmm	a8f8c675356d31dac295c5065ed3df21c64be10e	e48f9ec0a3fee388e007343fef22548a72aaadbaf50972e4b8f20d1082e17d1a	14193	yes	f847d3caca
_maps/RandomRuins/LavaRuins/lavaland_surface_blooddrunk1.dmm	971f28b965b6c338019051a35e44f23a24bec98b	7e5dcd0ace1208ad54dace2639ab1367218c38fdddb4c4d6654d4c922a1b6af5	4739	yes	f847d3caca
_maps/RandomRuins/LavaRuins/lavaland_surface_blooddrunk2.dmm	cde7f9bee6f846ec55a13350ee31c41b5484a85f	b7fd499942c6be678fc5e667949f4ebab5d52a6da33620a90ce1c4760d59df1b	5138	yes	f847d3caca
_maps/RandomRuins/LavaRuins/lavaland_surface_blooddrunk3.dmm	e3b9b291e5dbd00d1c95b5d36d0711e51bb38a48	7b1147c0c4f132e2cf688c3e7ba4b17a5fb910b3ad5b7237aa2f365f937f0822	4881	yes	f847d3caca
_maps/RandomRuins/LavaRuins/lavaland_surface_cube.dmm	56b68ef60f0e8e036fc24852833ad173329740c7	1cc378f3c687601f50e47aab5508adbb31425b6b22ec3e062d57264defa12b94	3939	yes	f847d3caca
_maps/RandomRuins/LavaRuins/lavaland_surface_cultaltar.dmm	206189a8defc784ee1a6fdfb809dbeb50ebb0127	0aa55f90727f4721f3282d4d5c71d30e35dbbd7d6691b70eed3a447d37e8f12d	3476	yes	f847d3caca
_maps/RandomRuins/LavaRuins/lavaland_surface_dead_ratvar.dmm	0422b1b4b4255a02692c87f0de14d2a8f73a282f	43735018a78476254dc371a9892d018ac0306c3f440b6bde91d319a5427cd815	7902	yes	f847d3caca
_maps/RandomRuins/LavaRuins/lavaland_surface_elite_tumor.dmm	6e44ec3197b646eca124d48a4f2b83bde386df30	00c0fdeb5e6db1f86b21177f3439a83109f9133149cbcd392fcddd6b5d8fd36e	797	yes	f847d3caca
_maps/RandomRuins/LavaRuins/lavaland_surface_envy.dmm	df9620cb67f5634b74da5a9ce07139ded7668b2d	9ec897308bb4f2bacb5303b567a1c7243a41b477b764bfc39f26748b56516e76	4095	yes	f847d3caca
_maps/RandomRuins/LavaRuins/lavaland_surface_fountain_hall.dmm	bddadc7b0c54b3ebae2559386410b18393ebd3cf	4e21129be6e96a08bfeb6f2212f1ab557576e3c78928dd38a54f9f85b95df38f	1226	yes	f847d3caca
_maps/RandomRuins/LavaRuins/lavaland_surface_gluttony.dmm	d587d19b97602d2654d2626299a274a0e4302f80	56a1200bd043949355ef3ea9d9b4996964264a932fdffeba54e042eb99b73f83	3983	yes	f847d3caca
_maps/RandomRuins/LavaRuins/lavaland_surface_golem_ship.dmm	896037af9c98fac1e9a2853c311b5e8e5e271dc6	2a5ab6bef2a0d57c8d1af193a024d34d403938fc2b0be0524b0a549578b8d5ef	25019	yes	f847d3caca
_maps/RandomRuins/LavaRuins/lavaland_surface_greed.dmm	df450b9803c77b7eab6cfc6f86dffe7314ce7e6a	1829a80d4925eca7ab04d975b21aa48886d629192e689ba610445527b7eb58b6	4828	yes	f847d3caca
_maps/RandomRuins/LavaRuins/lavaland_surface_hermit.dmm	bbc1f790c8a151ef6d69ce57296f499d5028938f	f7645d8f68f553cc5e7fb750fd3f329e67dab0a4592ae520c82ea09db5aa4bdc	5476	yes	f847d3caca
_maps/RandomRuins/LavaRuins/lavaland_surface_hierophant.dmm	cad120c3f2516214600d03347b437fe5bdb39b22	3a5c39b2f17ae22ceec15e0050a5d77c7fe633f754c70df195b79213421979f3	2814	yes	f847d3caca
_maps/RandomRuins/LavaRuins/lavaland_surface_pizzaparty.dmm	82c5e17da1e1b059e0be2f88044b9b1d4d65d7ef	619f842abf1c167b5aec2fb95b864b93b63a76661f0f42e464f32d4dc624578f	8725	yes	f847d3caca
_maps/RandomRuins/LavaRuins/lavaland_surface_pride.dmm	cf4938f3690b13b7479bf088f11b57bc6ae38eb1	3a8884d3c9914fef658681c16945a7fa1bd72b87430831f36e620f8d9dc92f93	2514	yes	f847d3caca
_maps/RandomRuins/LavaRuins/lavaland_surface_puzzle.dmm	911ee904fe5d03da78b9174127c0ae8c77d34fe5	a3ced2b5a78c2fe8b55e1caea4b16626b02f1f6d23ddc75f4ed6899a99875a44	566	yes	f847d3caca
_maps/RandomRuins/LavaRuins/lavaland_surface_random_ripley.dmm	546ddcff7e4a6854e035974534ded9e8f21db352	30d889c22838933d433f8718f63c8ec80814bbce4ed444140c8a4cdd5658b0d1	913	yes	f847d3caca
_maps/RandomRuins/LavaRuins/lavaland_surface_seed_vault.dmm	13edb71bfddc848e86d55c3d02e0162a7db5a580	dd289f33dd67ecfd869ab3ad9b7fdf3393a84fd86057f3f7689b696222f46662	14983	yes	f847d3caca
_maps/RandomRuins/LavaRuins/lavaland_surface_sloth.dmm	3576cab5c73932bfa6a014927a2b99f18a3725ef	7516678b69606a367f8ecea6c5b0e52afdeb40ec546fce99a80acb280157ebe1	3383	yes	f847d3caca
_maps/RandomRuins/LavaRuins/lavaland_surface_standruin.dmm	23282bfe93afc996c73ce880af6ddb87c8eca929	438e3832cfd029d05b61b803c7a020a6b7ada27af3a2c28e5532071904307221	13916	yes	f847d3caca
_maps/RandomRuins/LavaRuins/lavaland_surface_survivalpod.dmm	01cbeb09fd64c8868c1431d1b0de4cd526c815fb	55d1014c04904dd8f9ee41d6e7ad8828551b972b3993e7a933e584b0cd4119a7	4776	yes	f847d3caca
_maps/RandomRuins/LavaRuins/lavaland_surface_swarmer_crash.dmm	e4ac74afe9f2e11b5d3202ace974043a80297013	7fc8e1ea24895c38a014981ca6ab1e47fbdf1a416f9c9f667df9630bdb20c948	1565	yes	f847d3caca
_maps/RandomRuins/LavaRuins/lavaland_surface_syndicate_base1.dmm	737c5b4372e9b81e926578c5ad864e85695ff103	5c8c8b61c144040b5cfe6bfa2d49ef4dfdf887de3d03cc0f620514b328590010	176340	yes	f847d3caca
_maps/RandomRuins/LavaRuins/lavaland_surface_ufo_crash.dmm	9995d0498a86cb02acfb76c732bcb8cfe0fe64c2	15c228b73d262a551b3372ce7eff6ce4fa8f1e0f3a6019031f2975ba889ee9fb	4125	yes	f847d3caca
_maps/RandomRuins/LavaRuins/lavaland_surface_xeno_nest.dmm	a338ffbb7af58e7fa9b8b8b8083b7073565ecc0f	29d8f2bc873e056f2ca7be92e857c7d493a7db0c7e0bfc25f368174a9fa140ee	10237	yes	f847d3caca
_maps/RandomRuins/SpaceRuins/DJstation.dmm	5ed587085d1bcf5ee5928d0b3ec9b514958b5709	0948520af8ad38b87483d1a12e3565dd1b2187682c1e79b5dd074b5a9dc1693d	10820	yes	f847d3caca
_maps/RandomRuins/SpaceRuins/Fast_Food.dmm	60a5ec2124166c3d5a5cc696bfbf4f2d94fc61e3	75cd4beca6f74bde8f15d2a1d431c8109a97abc7066b064a4ac9b386445819ea	35261	yes	f847d3caca
_maps/RandomRuins/SpaceRuins/TheDerelict.dmm	db01229a9ea59718dd6a6c9552f03d27e8c6aee4	0341cc1ffc830a155ded1f3f5942cff6745449b1bbaadb415ff2f22e83611736	149237	yes	f847d3caca
_maps/RandomRuins/SpaceRuins/abandonedteleporter.dmm	1681cf1e55245984fdad6d00eea23e74016ef81c	ac7435dccd7e9e5bd44edaf02ab2434dba4ee40db99cd86dc63f57784a021ee5	4293	yes	f847d3caca
_maps/RandomRuins/SpaceRuins/abandonedzoo.dmm	d67a69c75c380c29196cc16aa1df469006e86b6e	080f7bd099cd6cafc39f73c7c7d19911a4da3f40c8250040ef1b661cd10526c4	23926	yes	f847d3caca
_maps/RandomRuins/SpaceRuins/asteroid1.dmm	922702926d34ad1c3208073b69cf846b3b61f1ad	2d7fe929f36a435923e75d35681a3dde60a706df5c352cbe20e22509d1bad2e6	1350	yes	f847d3caca
_maps/RandomRuins/SpaceRuins/asteroid10.dmm	a1e78d4ec3ff99d0e4c5d452dd70b016f0e1d76a	2db6023897e53f700c38e684a1e1a4a7d262d1e13332e86214109a148a64ce75	11856	yes	f847d3caca
_maps/RandomRuins/SpaceRuins/asteroid2.dmm	22c54103f0a9e89e9b279af10c8c648879cabb8c	970d2de0e2aef6946dad72a60da03f4e44d415b46beddbb84bd15d57e12b4ba5	1823	yes	f847d3caca
_maps/RandomRuins/SpaceRuins/asteroid3.dmm	29a8fe18b451d55656bebd62e45c6ebf3fd20115	d3759b92e0376f7cca289f8490b53d4c7edf232691cfc63dee555840d832d88f	1980	yes	f847d3caca
_maps/RandomRuins/SpaceRuins/asteroid4.dmm	fcd24c54b47fcf1738b754df9f08592e5d8809c4	acc6e7d035c0dc59b3ec9ea76d792dcbfbea7c9b53ed4927c69489ed81859e3e	2891	yes	f847d3caca
_maps/RandomRuins/SpaceRuins/asteroid5.dmm	04f3e57b3ea831a94bc33107f81f8a8b23b89962	865259250d198e376c4677e2878fff8b250db3e627d2cc9382cccf04dd4c7283	5393	yes	f847d3caca
_maps/RandomRuins/SpaceRuins/asteroid6.dmm	e451f86a3acf1a56511fbf2e9f2f5e29ad2fe645	aca7ce33d3f13a0b9aa88b05f8c6eadfd44a65177faadadaea38864fe45c0334	1919	yes	f847d3caca
_maps/RandomRuins/SpaceRuins/asteroid7.dmm	abab2f243ef101a74f662df88a17a225dd9fff12	a450d1182a7122ba902d4c62a9f0acc2b23fe0027e268e877c28e03326137866	1934	yes	f847d3caca
_maps/RandomRuins/SpaceRuins/asteroid8.dmm	2e4326cb2d9f88291666cc36642cfb4aa660e23a	ec6160d4920f64172ad3f9da27a49f8f44131df54e4fdbe9f5d32bba55ff8062	2164	yes	f847d3caca
_maps/RandomRuins/SpaceRuins/asteroid9.dmm	95bb691e86f9e5ddfe905bf5756fac1716b563cf	e8d941aa06bceeaf688e5089a1530f63533ac8b9971bc49c8adfa844f7306d8f	2002	yes	f847d3caca
_maps/RandomRuins/SpaceRuins/bigderelict1.dmm	c649b0fa1ca2348661eca920ee54fd7ebc5ab40d	cb06181f71ed9f6d452544b2b0e12241875740f4560aa59a98af833f29b7ef73	68369	yes	f847d3caca
_maps/RandomRuins/SpaceRuins/bus.dmm	d0aee7ab345c45983f8df10b4c38f3abd75a4459	004c5f48acd9369a5ee8d1f8a47cd5065d2af2e977f9280c251ac361d32c1f44	11247	yes	f847d3caca
_maps/RandomRuins/SpaceRuins/caravanambush.dmm	23c576e92febddfbc54a2bc80ca46ab35de4f120	80332c38e7640bd8a35b9d5acc0010de54d6c4f527a4e823a1e92f4c5bf91fd8	54612	yes	f847d3caca
_maps/RandomRuins/SpaceRuins/cloning_facility.dmm	22a1ec495c5bb663d8d1724970d351cb4dcd3921	18033c0aeef0ac8d653dffb610ea0b30ace18eac5ccd961f837c379f453bfe04	9635	yes	f847d3caca
_maps/RandomRuins/SpaceRuins/clownplanet.dmm	fbf51dd539e4c1173738009b0f55d170b30b8602	22c40b9cfc84bbc8bf72e09a04463b7c2b380be0c4af0859ce3e19938b4eeb2a	11369	yes	f847d3caca
_maps/RandomRuins/SpaceRuins/crashedclownship.dmm	b860576f0e01dd08ab5056ce06fa2885e9bbb4ba	04023934d078e253944889bf5193f25ca5aba16ac732fadff1322bb2eb8a6aae	5660	yes	f847d3caca
_maps/RandomRuins/SpaceRuins/crashedship.dmm	071523de40d9ae15ad864c9342fc22ebc729e1a3	b5c2be8d6ed9b23d3daff0382a181575d4b24bced2140acb38f7d3c4d40cfdd1	67665	yes	f847d3caca
_maps/RandomRuins/SpaceRuins/deepstorage.dmm	c7a93f1787aa046742650acf72c42cb86696338c	f274a1d5e6797dc8f02e6b85f93f51fc7636c2208439bd2e7faec25f5dc2be3b	98083	yes	f847d3caca
_maps/RandomRuins/SpaceRuins/derelict1.dmm	9c1a0d97839fa45cf0f8d5747e0a4dc522eed001	7bd1a1a0b094b5d67e9fc9d26bccffdfbe2609e8ef252118035efdc0e44ee7c2	5300	yes	f847d3caca
_maps/RandomRuins/SpaceRuins/derelict2.dmm	c57ac798acbaf724125100fc77d82f0adb8da7bf	4ed8f37480a72060bb1d4d6c71d5cb87d57c5bae0cff60bd94df3b97f365389e	3598	yes	f847d3caca
_maps/RandomRuins/SpaceRuins/derelict3.dmm	c5a0b2c01236ca403c3683d09a659b6c31c47166	5912829fc1f5a17fb3d8fba8ea06ae9848f1a2bd41514ccb63058d35d17b1a78	3839	yes	f847d3caca
_maps/RandomRuins/SpaceRuins/derelict4.dmm	8efdb2d990f7a18730f5d89ec3d5e2622935c2aa	2795d405bfc766ccb5c1096e579eaffeb0585225a815c45e36195be23783f638	6398	yes	f847d3caca
_maps/RandomRuins/SpaceRuins/derelict5.dmm	1c4db9f105a7ae231f2180e3aa84f3c7d868ac88	347706f6156cb40998505594f5954b67b75657bbad659465dea5ee5054a7e83b	6698	yes	f847d3caca
_maps/RandomRuins/SpaceRuins/derelict6.dmm	02303cb958bad359eda32b8dafbc6e2d9c0ce9d4	2836fb2b7dbb91606fab8e1c3039aa8f1e893719822dd4030dbe751057c2a132	13781	yes	f847d3caca
_maps/RandomRuins/SpaceRuins/emptyshell.dmm	7cbaa3a0b64ca4f849358a3c4fdd24093ef2336b	3d34592906a97769a11166b50f77671a3546de67092dc922848d7c2a5685c083	2457	yes	f847d3caca
_maps/RandomRuins/SpaceRuins/gasthelizards.dmm	a7e8fe7f68f6f78f2b01cdaf076d24c9f1aafb17	afd12aff600ab449de302381145badc2d428f558336c69ccef97857d630e9b02	11814	yes	f847d3caca
_maps/RandomRuins/SpaceRuins/gondolaasteroid.dmm	27a10cd828007a41a59642b9b61dfcd14b991b5e	b04efd978276b677903f5c395251249d2beea87b15461dc6ba72a61e1e647764	7028	yes	f847d3caca
_maps/RandomRuins/SpaceRuins/hilbertshoteltestingsite.dmm	073c0fcefbd9e684e37539e9d26d4e0f447450dd	15db397f31a684d3d50f5526512bb32a4ae47a6546935bb3f280bf9a3d411dd9	8769	yes	f847d3caca
_maps/RandomRuins/SpaceRuins/intactemptyship.dmm	12afc42a2ee20619407b3f3094c7d98761bb94eb	7101f9477b46275db291131796cdb40f7943c691acb0f2719b23d4b056145d59	4812	yes	f847d3caca
_maps/RandomRuins/SpaceRuins/listeningstation.dmm	479191fa6c0ee087507c972d75e11912df0a1aed	d7215fef0488e42b1d5b0efa8583d5ef154192fcaa0f8540a11c3f4188166494	33582	yes	f847d3caca
_maps/RandomRuins/SpaceRuins/mechtransport.dmm	748cf85d8ca47a41d8e7587c835d012b128d485c	f5622e89c34f34e44afc53f9bcd9da940229d6298787d2073ab180bcd55babb7	6869	yes	f847d3caca
_maps/RandomRuins/SpaceRuins/mrow_thats_right.dmm	34cd3ec26a8483116d1d2353018b07f84659a239	7bf18e52007493ed6c2e8234500606bcff0240339b20d6c3351d3e640aa411da	29763	yes	f847d3caca
_maps/RandomRuins/SpaceRuins/oldAIsat.dmm	7023fd7174a3843c6498b166e63c794b2b3fc2c1	5047e298e566487b6318c237e1a0122f7e1bd33d5f83ad46ea2be2cd8f4ca7b0	33182	yes	f847d3caca
_maps/RandomRuins/SpaceRuins/oldstation.dmm	f3b85a6f73094c303e4b4caabe6e10743eddf8d0	892d33c8d40c12243db3cfbee83850d65aaaf7b6e958d1a1711f24b3042fa41b	157009	yes	f847d3caca
_maps/RandomRuins/SpaceRuins/oldteleporter.dmm	0ff8aaf97dee2da641eab5e41ff247bab656e739	be2976fc3cb45ab735628bf7fc5dfc1359194776f1a714eba48eaf16570e6e07	2779	yes	f847d3caca
_maps/RandomRuins/SpaceRuins/onehalf.dmm	8a1ddc8b57467e8f17be0dfc42d9c17130e61320	e78db206abed3f4bb1711a73d8fe5c392a603b1eb20f6a85544c2ee76eec8494	32149	yes	f847d3caca
_maps/RandomRuins/SpaceRuins/originalcontent.dmm	b05da91b38236045ee34ef65500aefc3c6b67141	dfe63368810e21eac6ccef3b8daeccee10219f715cbec10f2a84524fa7794d2e	27302	yes	f847d3caca
_maps/RandomRuins/SpaceRuins/power_puzzle.dmm	af6a491f59db71a44c721145b920c1004c6968e2	2d1a536326f8fb5f0d317a7b8b6146c41b87fbf14fe471c2ac949863e4fdedd6	28420	yes	f847d3caca
_maps/RandomRuins/SpaceRuins/refference.dmm	d7bf8dfabbb832959d9da08def5375243879566a	9b40b5111f65d395abba0f9622ad3776ba16e4296cbcf086b7e576ac2e4cf0c1	14995	yes	f847d3caca
_maps/RandomRuins/SpaceRuins/scav_mining.dmm	e1759d0aa91c57e5a616155f0da24a30b4ad4398	d6c74c29d913cf929bd14a51674ee2e71362cdf5faa45e4a5c829b9ce0277299	5686	yes	f847d3caca
_maps/RandomRuins/SpaceRuins/shuttlerelic.dmm	86404a99333f92f6b36acde219ac4f1dc258188b	bc46fa09c544e2c82260ff54618f6d34af8b6adcf2e08d89549eea6f74f4bcef	3483	yes	f847d3caca
_maps/RandomRuins/SpaceRuins/sos1.dmm	e679d1ba02663e1752e08447260e8431c6e88a38	ea07d66986e0318c672549af126a6bc167c0ccf32012e6e5f992ab2c264bb771	1605	yes	f847d3caca
_maps/RandomRuins/SpaceRuins/sos2.dmm	f47f67b949138afb176efaff2bcb94bd45c24297	27f176b92aeb1a5138e1e8b58e612756c207af8ca4b45764e61e75fba45f96d9	1495	yes	f847d3caca
_maps/RandomRuins/SpaceRuins/sos3.dmm	e0d70170f20262a5f8fe357ba978474dc19480c7	7c520ef0e16edf1e295dace7aecacf4850ee593da194384d2e2d642c17b05578	1061	yes	f847d3caca
_maps/RandomRuins/SpaceRuins/sos4.dmm	d11879bb0dbfe8f671033a17ebce6f064c755a3e	0a48b11f71797730baf911910b71647f539bcbb629acd88b7a9f59ead8cea1ab	1682	yes	f847d3caca
_maps/RandomRuins/SpaceRuins/sos5.dmm	f39eccbd61c64ceff953446700471399be272855	285e29e028bf71991d627400602d4c2b7c8576238fba0514db9c955b0f3d6110	2215	yes	f847d3caca
_maps/RandomRuins/SpaceRuins/sos6.dmm	d838286b146ac421c6b99405caab1a253838d79d	56957c0ac0845dc4ec0b1c2124ac7e2be1988b34728908117bb648dde03eec1d	2392	yes	f847d3caca
_maps/RandomRuins/SpaceRuins/sos7.dmm	cd2034f3ee7d9319651021e4211253e02ae04f64	b92e0a7d2bc88deca010e32b54d58c0e9949a4116dfec972a6293fcd9180fcac	3455	yes	f847d3caca
_maps/RandomRuins/SpaceRuins/sos8.dmm	7e2fb6394467b8cde90f93dc4c210afbc6737f22	72564612242f686f39325607fe147401c3a608a0c1a48da13574bef63ab78163	3706	yes	f847d3caca
_maps/RandomRuins/SpaceRuins/spacearcade.dmm	6a779ea8db6b3175156f0c01311048da0213160e	622c48e112c3498378d32b112d21c59bad8981c15ca8fa65a127aad60417fa3f	5385	yes	f847d3caca
_maps/RandomRuins/SpaceRuins/spacedock13.dmm	946d1d5ed56743c582ffb6d6b044b0a36fecb3b5	c1ec3390b56a4745320019da808b85bf9cf7d059269a6439812aa86143e3fda2	4869	yes	f847d3caca
_maps/RandomRuins/SpaceRuins/spacehive.dmm	9ae187aa5e76dd19cfc555277060be03d1dc048e	d410dac899677c57eb9e499487df887a2263db06ba6e88907a3aa55bb7866784	3694	yes	f847d3caca
_maps/RandomRuins/SpaceRuins/spacehotel.dmm	665f86a90058d8a7fb7859a94ba70dfdf9e3af64	0860e62458a50556fec014767a9267d82f6f6b49ac2ed6257b0025722b9802fd	149644	yes	f847d3caca
_maps/RandomRuins/SpaceRuins/swarmerstation13.dmm	b5a9bf1d4e117cbf8a73588f8032ac6b2d734833	332b9b83dd205fe2892d5912234c382bb461f590eabd5fade3f0b82e9f13aa0b	7504	yes	f847d3caca
_maps/RandomRuins/SpaceRuins/turretedoutpost.dmm	50aad017cf6d8d2ae50854661313227f2759be9f	6171b4bcae074eed82eee66170c9f2922ea31a07b12a6685bec8b713f8ffb68c	11434	yes	f847d3caca
_maps/RandomRuins/SpaceRuins/vaporwave.dmm	3c5d851936b4f888a175db8896a5508c459f82a0	75d736c872a7ef91bcb12ea6566f0c51f3fd2d2178a661a0cbbf09dc63ddb3c0	7013	yes	f847d3caca
_maps/RandomRuins/SpaceRuins/way_home.dmm	ed455736c2c828f030bcb05c780e704e37989223	47652df143351d0bd5d6849f2ab779280fe31d463d158f9d9ca66e7f92ab5daf	2467	yes	f847d3caca
_maps/RandomRuins/SpaceRuins/whiteshipdock.dmm	0bcfba908b416e97c8e418a79802a808c3d92a9f	f18d5199d29efc87e39dabe7333228ba47f1e0a7d96c7b16706087623cffc25c	3325	yes	f847d3caca
_maps/RandomRuins/SpaceRuins/whiteshipruin_box.dmm	66acc088d523a6cb51e9054104b614f7aff31887	ec5cd9c5da6efa9f0cfe9c0f50e1ef884622dfd012c86f64a619937946535d97	11835	yes	f847d3caca
_maps/RandomZLevels/Academy.dmm	c4ea00e59ecc44f3f97d57b87a7471979c602c83	5327fe36b8e8dd0e2ea87a3f43be972bdb34d4b0eac05aa8bd5f2d6d9d48f1e1	170475	yes	f847d3caca
_maps/RandomZLevels/SnowCabin.dmm	98137990ce49e52cd8b85d628e9ee7307db2f71f	4338b57fe9f12e50a1a9a0ce84601edc4b861603a7eadd0da9bf9a2bcd708cf6	407488	yes	f847d3caca
_maps/RandomZLevels/TheBeach.dmm	4fb032dc135e14f697f3e41f1696c65288d35308	09cf746ea44c023ab4b75e4128aff30df3b9a22f5009708f444145eead1f674d	86462	yes	f847d3caca
_maps/RandomZLevels/TheFactory.dmm	76e548b6e8bb71f9a2cac47df1a2d0c46f8dd209	04e9a0564f07a67817b3e06d1a72a5e15f5931971435f252bbd4058d4ee57e0d	1123832	yes	f847d3caca
_maps/RandomZLevels/caves.dmm	a4b7c110086e600cbb685c4e4940624594930fdb	b212bd4fbab4bb2b93d6ba4f30960bea0c3ccb6114b51d26c7d09bdd837845ae	327691	yes	f847d3caca
_maps/RandomZLevels/challenge.dmm	fdc707116b79ae8ebad455d05bc24419c03f4c80	538e8716ce49795cddee7a22cc61c42148924be209627eb6a53ca6be21340de5	290812	yes	f847d3caca
_maps/RandomZLevels/moonoutpost19.dmm	5eb28e2c9cda230607c9ea3d51d1d9cfc39dfeb6	135b2fbd2f572cd1a5384c0c90575172c0214b2b618f764a55505372b5cfb1b7	435427	yes	f847d3caca
_maps/RandomZLevels/research.dmm	32a28009a95eeedab0f1ac6c01ef34919772c9df	fc0d36c244f686d6f052337a69f95b7a3d840e9e9012a5384c9869e533323b7b	418071	yes	f847d3caca
_maps/RandomZLevels/snowdin.dmm	c206acfaa5dc517409e8db6348b6cf8d8416e604	f2d688cae74fcbef9bc4a94a2a2ff72a078636b66aafed64ca2197e1819a6c7a	647072	yes	f847d3caca
_maps/RandomZLevels/spacebattle.dmm	b4223ed4ead71143165ab8288fdedafa3ee7812e	8f8c5383d7dd63dd728eb8ce42ad066cbbe6659fd6eb99db6364d026e4db2a54	340456	yes	f847d3caca
_maps/RandomZLevels/undergroundoutpost45.dmm	cbd71caaad745285e0b37b3b03ff226ac61df0a6	a3f4cf64065ef798dacbb7bfc15e55d87d3c2f4f313dde4d17225b693d17bf7b	594763	yes	f847d3caca
_maps/RandomZLevels/wildwest.dmm	769cc9c45984cc02e20ae007628dc07107ad9474	11c30b6b24ea0d1f22450b767a451ab5b1d834d3a0f526069146c8ca4dd01623	314192	yes	f847d3caca
_maps/RuinGeneration/11x11_2_room_cafeteria.dmm	97deeed416a54b28c08dcd4bf17e935a398b62f6	21097940d6092081bf4a9ecd0b8e7f12452f3868e26de96288b793d5681242e7	2137	yes	f847d3caca
_maps/RuinGeneration/13x13_ai-lab.dmm	8566903aa4e3ae83f102e86d9073efb5bdf536a8	36d78e10b8e14ddb8e9cd65cbf55be3a110c158af50f1ab9e4908a067d07644f	10191	yes	f847d3caca
_maps/RuinGeneration/13x13_cafe.dmm	5a2a3b29a4c7c5680a6e57a8cfa4c8b5d9e3578c	eeeef591ac69db466bf939cd7d3f1f8146c875447b0a67e876a40b77e80a6d5c	6196	yes	f847d3caca
_maps/RuinGeneration/13x13_corgarmory.dmm	3982c202e51aa9500c69f06c53e052100846929d	eef8a39a06cd156fe56641a966ebebc31c71505bcbaaa761039a896913cc7ccc	6834	yes	f847d3caca
_maps/RuinGeneration/13x13_corgarmoury.dmm	05884dc5a6ab513ee5fc6ff4a61629ce5e43a65c	5d7cef89e3d138ea0311056e5a6375f2018bf40f9c2e1466001f7b55574e534a	7086	yes	f847d3caca
_maps/RuinGeneration/13x13_corgrobotics.dmm	36eb10086cd8d356bf59c5bd3d4386297f0b9916	a0fa16404373cb903138dff0d976b93e4c2228fc23803c70f8eef28514276596	9512	yes	f847d3caca
_maps/RuinGeneration/13x13_donutroom.dmm	5814285fe5b43a93870566329490e41ae1f3bc52	e7cde8e4a1566f41812902da939c351ab9548538ec2ff65a28371efa35aa8d43	2011	yes	f847d3caca
_maps/RuinGeneration/13x13_hilberttest.dmm	f2dc59bc6d77da8a73e5fe306ee17087ac306bea	5b8a6e6f2e1b8d2fc957636499c336553dd71255d1c3df2a018e0be40b76341e	4272	yes	f847d3caca
_maps/RuinGeneration/13x13_listening_base.dmm	17f24a272560922f4ad6dc0f8270fa5eeeebc7fa	195203f69582ef13cae6818919108629cf5833a377409928081a60989b923fa2	27751	yes	f847d3caca
_maps/RuinGeneration/13x13_shotelroom.dmm	2f5a138b64af753f7c3babd95bd41133a847e32b	6b296ed7761016354a645ee9019a89c6578a944be6d4f7371b965b9101aeddf6	7291	yes	f847d3caca
_maps/RuinGeneration/13x13_supermatter_containment.dmm	6f0e224d25e39b5036adcc34c75da4d7674f27c9	c1c5cc1ecc21f727ea6f6a84a4dccc82f392c9c1fc779d4eb2e500d2d5556592	2050	yes	f847d3caca
_maps/RuinGeneration/13x17_chapel.dmm	93f36dfaabef62743b0ce2a79113c20329cce163	887f11d1fca12246d14b0300ffea1270e2d169fa1028ccd5c7c32a3e601fb3cf	8390	yes	f847d3caca
_maps/RuinGeneration/13x17_permabrig.dmm	3e29b5dec568a8567f82f333410d9d588e20a184	1b808f4baa202f2249b4efb814d130615b3daa6f9c5ef12d7cc58de908f3b8f9	13003	yes	f847d3caca
_maps/RuinGeneration/13x17_pizzaroom.dmm	3ae9c438e6d0f5848fc309e5cd13c10ea834053a	0f0dd6387d5ed7dcbf3a590dbfbd09e676c41fdc01e4b985bce29030cc49e01c	2709	yes	f847d3caca
_maps/RuinGeneration/13x17_shuttledock.dmm	62504a9cb96d2d2c9f57248fd9286a899b20431f	f71bf33328c1fd3ed9debdc3196a6ea0f1d8c8845a16190abbb8524ae0ddb9d4	3092	yes	f847d3caca
_maps/RuinGeneration/13x9_cratestorage.dmm	2ad4746e6642a0772bb698b8538bd0749de39a0e	43f9ac3cd19756101d787d6f25128d7194a02870cd6326818a766433e80da233	4064	yes	f847d3caca
_maps/RuinGeneration/13x9_josito.dmm	1c610b447a92005d2c0a5fdba6d1e16131e6e7e5	fbe1481172237bec4b29cfc90bec9fd1500d548aa38d7ec2e0d179da7101f345	3380	yes	f847d3caca
_maps/RuinGeneration/13x9_medical.dmm	7daaf1712ba2768e9cc81e640ef8e99fcc7b4044	099e6907c76813cd21123190484d90d9116e97a9f2b15ae6c95bf4eccb6e56ea	7652	yes	f847d3caca
_maps/RuinGeneration/13x9_researchlab.dmm	a795d05f137797c56656131e01a2f0f9e3cb98cb	47b70af3fbbe6e5a8c251cf4484d32c40280e7bf213dfa163943829f91a4218a	11181	yes	f847d3caca
_maps/RuinGeneration/17x11_2_room_corgbar.dmm	28f8109e4438783a59b76339dd67dd7348b6443a	5a670a9dbb86fdc4f06372e13485f4695fe898c15ae68e2c2142920a5d2a9a76	7334	yes	f847d3caca
_maps/RuinGeneration/17x13_cargo.dmm	ee2c7d69a7bc41548b9babe62688d2d920805402	69881758f41330056684c63a1414ee5e83b55c95abe9e68e623aa31132f55f2c	5360	yes	f847d3caca
_maps/RuinGeneration/17x17_charliecrew.dmm	0ad0846f6841f6542c8227190627926d82d84051	c121c533039ac77697a6effee6f2e0a15e822b1911b89b13ff8cd113e6e87c8f	15594	yes	f847d3caca
_maps/RuinGeneration/17x9_pubbybridgehall.dmm	2b2544c493deb93457cb7c4c0415f80a95e2dab9	36ad8207ec0892ab5264f1c782136e1029e9e1c4476b1536679800d62c7c6c75	4284	yes	f847d3caca
_maps/RuinGeneration/21x17_shuttledock.dmm	8584db11c8c1f4aac14920d9c5b5f9bc44c86235	cb49d61fa07faa5a27dafb8384dc9633fa3d7084c7c3b2e2f8c27c0e93802f30	2814	yes	f847d3caca
_maps/RuinGeneration/21x19_solars.dmm	93111be5582c9633839983103ceb63b9a3165d83	643d023db5db8681c30f3f41b0740db1ec383def8b1aa80f51173d2ff66b1a31	7417	yes	f847d3caca
_maps/RuinGeneration/21x21_singularity.dmm	36413cb2d2f71fabfdb06400a1be37152c91339b	2e6909f0e6c518c33864499cab44cbcbbdba310d01ffcc793705fbc7176c6cf3	3629	yes	f847d3caca
_maps/RuinGeneration/21x29_solars.dmm	ca604f67a1b1e3a21beb6f65475e9650a672fae3	ecf350aa15fe2ad7f662b9b87a3f0d62383618b4281a19596cf7afc709ac1d5b	7497	yes	f847d3caca
_maps/RuinGeneration/25x21_shuttleconstructionbay.dmm	8bdcfb6ae5b17cf648df9c95e9a780f36749a779	efbb96318693e2719692ba89d0937a0c65bdcac03d0d92caa40e79e97980fe6c	11742	yes	f847d3caca
_maps/RuinGeneration/41x41_corgasteroid.dmm	b8d35acea240d506fc7a0fe8d2b8001a1d7a2a6e	2fc7f714b0902d8aab45a7667eaaa372f700d4fc122e1e38b56799470e381fba	32963	yes	f847d3caca
_maps/RuinGeneration/5x5_0_hallwaycross.dmm	50326dcafabc6186408b7593126c429d0587b271	598f1d3d4cf08a1db6ed43e5cb72bfc6d0510b1c51908b12d56f9570553f9692	812	yes	f847d3caca
_maps/RuinGeneration/5x5_14_hallway-end-east.dmm	bf6cec721a11126018c50a86384b09d156a09a78	2db884309f85dbfda3c6169a376c5973b610d70ad5f5bf331441d64907637291	749	yes	f847d3caca
_maps/RuinGeneration/5x5_14_hallway-end-north.dmm	2532496cf531ccf364aa51865743a4d7d48fccd4	eb1caafb6371a0319108e0849a9bd6f1fffdee2c0d6bbaee73627531eb0728d0	734	yes	f847d3caca
_maps/RuinGeneration/5x5_14_hallway-end-south.dmm	a902ea8557aacdbb2c77b674b9063248f2ffd85b	ca0b76cfbda2a4727ec1272366b1b7cadebc59c9e983fec86eacda34a5d50460	749	yes	f847d3caca
_maps/RuinGeneration/5x5_14_hallway-end-west.dmm	b6fd202e7019502d57de33c4a316e6836c2243f5	e2cfc7a161d05d3f79597a69df9d511da06b2bbc106933df504f6287f4a6bc1b	749	yes	f847d3caca
_maps/RuinGeneration/5x5_1_hallwayvertical_eastwest_room.dmm	03e1af388009c49531ba570d98ef93126a4dd933	ea6049c446732d807660fedd43b96362c237424bd72a6eed2571586664f3a3dc	808	yes	f847d3caca
_maps/RuinGeneration/5x5_20_hallwayhorizontal.dmm	46f7f1791511be7543e733484fa1dbabe7f29189	a848a4537693d91d6a116c50a29bb66195d5c28c0d159e34ea8282ca309b9476	597	yes	f847d3caca
_maps/RuinGeneration/5x5_20_hallwayvertical.dmm	020d1aaa6b71b65df0a9ede1a1ead0462c1394c2	68e77d144b2c9f2eab67f5ca63f6fc040950433b9244ea05bc8fab7f244c1a66	582	yes	f847d3caca
_maps/RuinGeneration/5x5_4_room-dorm.dmm	692f34867b5a7398d46666c49551f71f4d1a2dab	96a2b4a23ce0619ae80e9b98d2b3d5061ec722b999cf7a35fd2db5edb571e1cb	1160	yes	f847d3caca
_maps/RuinGeneration/5x5_4_room-janitor_closet.dmm	4b646e0f6687cf0e984903f95bf54c27005ba449	fc9044ffde32f4f2bc196285df00fcffa2c321155728d417627eff175dd7e815	1941	yes	f847d3caca
_maps/RuinGeneration/5x5_4_room-storage.dmm	76e5f92cadaa7cb12fb657a6d291fc36295e924e	b8bc5a8e5f9f2b2f7ec337b83f92dd2ac1af4b12d9d94f91ee5eaf98b541ddac	1198	yes	f847d3caca
_maps/RuinGeneration/5x5_4_room-toilet.dmm	00d7e5d419fff0d185eb58bf0b4081676e79a451	e7d8e3776b1c097762f87f1bd22d0d90e5ab20c03901747fa041003c92a8e345	1106	yes	f847d3caca
_maps/RuinGeneration/5x5_5_hallwayroom_east.dmm	6f3f76b5f0bddbf62cfd227eab59ffdde9f87b99	b54116e22a70c318def95359113a92c4afee33d4670705b706e422da0b841ead	595	yes	f847d3caca
_maps/RuinGeneration/5x5_5_hallwayroom_west.dmm	89f4de7de4434ec295387d37494cc106685dcc05	ccae2142b9da1708ab07b66d2813f663674bc06ec67dd14ea082f1624ac3fc44	595	yes	f847d3caca
_maps/RuinGeneration/5x5_6_hallwayvertical_east_room.dmm	60765f21540114ac3be0e46a636ce098d1ca6e3a	efb4317326efc4ace64bf8fdc347024e4f21a1f4488636eae58bcd93e4f06d20	695	yes	f847d3caca
_maps/RuinGeneration/5x5_6_hallwayvertical_west_room.dmm	4736de19fb775f72ebe65a2a369f0a7c0e321202	c8fb1246021d999d456ad44f445943e41c4731161479ed9cc4b106145901f8b6	695	yes	f847d3caca
_maps/RuinGeneration/5x5_8_hallwayt-east.dmm	562fd1ef8939531b0c46dfc1cb8b83af1a65d1b9	4c09374c01b117aa9cb28be4f6277263636f4ad764c7426c61087cb171725667	697	yes	f847d3caca
_maps/RuinGeneration/5x5_8_hallwayt-north.dmm	e0a8bdfb0d047799ab41e9623a9550ec32e1309b	8d656dc6ef2241bb47cbb24f249a95224d3057769b7a0867a15a4d59472a1fac	712	yes	f847d3caca
_maps/RuinGeneration/5x5_8_hallwayt-south.dmm	d9f3268a6719244784755432cd294ded46e6d0e1	c603784bdfcf9f419e1fe8151efc5357a735e319a8b0675424c777b7949c334e	697	yes	f847d3caca
_maps/RuinGeneration/5x5_8_hallwayt-west.dmm	b9d28788de05acf5f384b10fad4931d6211676be	8a8af92009425f514d57b1a820c09ff6fd847642823b95eb124469b55ec12d30	697	yes	f847d3caca
_maps/RuinGeneration/5x5_cryo.dmm	49e0945d9080bbdc6a756fd81956ca3668af41bb	cc0b0fb4cdc67a6a6c8aed042023382d9406b693fc78e9665034cb407d86c248	1647	yes	f847d3caca
_maps/RuinGeneration/5x5_hern.dmm	a280f9ceacf35a2ae2249173788206cea8140659	eae554919f3f77f49a3c04a960a8c0c8f0d40e7e2afbcb0187a88ccab3dac8e0	874	yes	f847d3caca
_maps/RuinGeneration/5x5_hern_damaged.dmm	0442ec166e27d150a802d715d8b979caf362f31a	0216a54b6ef9b8087c4449cfb369b9d62d8a336056defc436680c111e4d586ae	1090	yes	f847d3caca
_maps/RuinGeneration/5x5_hernsw.dmm	06f656a2d76c82430372a5b7f299d8ce116bf1c7	a1e04ded9092760462560e16017c3fa8b54efe34545eb1fe0b46aec0dbfc2b3e	806	yes	f847d3caca
_maps/RuinGeneration/5x5_hernsw_damaged.dmm	e77e7095c05036e2e0aef06c609b091d6d40c4fe	54d690ec21923c0ec88327fddabeaf06e86ebf230f5d1a9996800d8f5b57e294	1004	yes	f847d3caca
_maps/RuinGeneration/5x5_hernw.dmm	f7a8da12cc22d73289491c1767fd6324c21870fd	04712f48198939713f884d74f8d0a308add5dbecdf10f1d7b7ef79ebdb902281	818	yes	f847d3caca
_maps/RuinGeneration/5x5_hernw_damaged.dmm	ef91feed8b24e21ecb1d9814f2b9dd5846669b78	705a46ee612da46f0c015d7066d0d3a005671e1cf5e900a92428dc839bfe4c14	906	yes	f847d3caca
_maps/RuinGeneration/5x5_hers.dmm	b951da3bc063f0cf98adb93c10c2b0bbe7f47cbd	8e9f8e761eab606423b505210d01689229b90575833d9ccda8e5c4dc44829c8e	878	yes	f847d3caca
_maps/RuinGeneration/5x5_hers_damaged.dmm	7c602776d0c3f5d0736a8c2d7b770e81a0e3ec5e	8f42621ed317e295db21ed1a448ab28ffcb0eecc691ff2232cab4ab262364247	872	yes	f847d3caca
_maps/RuinGeneration/5x5_hersw.dmm	2e6ffef975f16a0e022bfd672dfe95d2c5f2dbde	d843ebfee19f41a3e0095498c7fa64699a5154229d2ba182af7b96722e147977	803	yes	f847d3caca
_maps/RuinGeneration/5x5_hersw_damaged.dmm	d1cd7b66d42eb80dcc45755d3f5aa76e4a5f2572	e79e28ee6e75fa8cfe8588da15d704c5a590e515bbbf4d851c795ba306efe204	891	yes	f847d3caca
_maps/RuinGeneration/5x5_hesrnw.dmm	687d69b4f285ed77c562475ceababffa4ddc1774	96d3704e7a1131b7c3b43a374ff87b34ba7c39d2feb1b3a0df30c157567eda74	808	yes	f847d3caca
_maps/RuinGeneration/5x5_hesrnw_damaged.dmm	6dede296d823eaa8019bc13261dd0f30720a2af3	6ee7a17d233dbd25da05e9513f622eb03216d51c167a4ffd6fade958e7053481	1006	yes	f847d3caca
_maps/RuinGeneration/5x5_heswrn.dmm	907a3e3a124f30babba0cafdf2948aa5461b0e04	762233afa8015b536195f37cebe13671d766dc3676904adda50b215959dee2e6	810	yes	f847d3caca
_maps/RuinGeneration/5x5_heswrn_damaged.dmm	9117d52a4c8f13e5abc648a0649db1cf9d889fe4	f691c823d17537c9a2f329ade4849f458b03973f6e2b8512770c83ed80628e8c	1008	yes	f847d3caca
_maps/RuinGeneration/5x5_hew_damaged.dmm	96d27e447ce8f0b58d8d1e35cc1bf4367dd85e4c	716417a52475d0bfbc23fa8ac094cfe81538352a10fe67d08e04fd0c9f063e42	795	yes	f847d3caca
_maps/RuinGeneration/5x5_hewrn.dmm	badc610f6686983d27b110e2a7a7967e0bcc0e4e	c5ea62b18d2147ba0e061769b02b178183a026f108f0b9b15f201c1fc5656daf	710	yes	f847d3caca
_maps/RuinGeneration/5x5_hewrn_damaged.dmm	12466ede3cc98d94f73405d7fbea0610758e99b3	91d8d539f04f3ae8b9398f0e2cd075c38251d0e0f3442b340c5a67eccb1c4e66	908	yes	f847d3caca
_maps/RuinGeneration/5x5_hewrns.dmm	1947c501e39a4d7ac9f36299bde00790634e01a0	270c543bc59b1431313f0586e266bb18117397a03376bc0b420539f24729284a	808	yes	f847d3caca
_maps/RuinGeneration/5x5_hewrns_damaged.dmm	7f55caea0eb402fc9759569d91aafee31620778f	64712ba0675c0c182643ba41ceaa0bc164279330f556637ef1dd032eb50e88ac	949	yes	f847d3caca
_maps/RuinGeneration/5x5_hewrs.dmm	c1f751aa865052d42bad87bef879141db14b7fa8	835425ee04960266443a1c0e6cf59de1ba35fc093f38bd177671d6e55bd471b0	695	yes	f847d3caca
_maps/RuinGeneration/5x5_hewrs_damaged.dmm	d52736be0556958cedd6e67ece53c13ebaac5051	79f1734728fce159cb885e2d56c08b1714e75ba9fe6bda819c8a7d9de3be10cd	893	yes	f847d3caca
_maps/RuinGeneration/5x5_hnersw.dmm	4025715cdcf279cf2a227b992109a4f0fc5053b4	8da47406ea618546575701306370fba790d3b7a76823c93c3fb54fc0af9eea26	808	yes	f847d3caca
_maps/RuinGeneration/5x5_hnersw_damaged.dmm	68fe14ba3e8fb2aecb0cd865e9c292c9cbcd8af4	9af7af232eec0e48d653112dc9b7a15ed4f0dd3f05143e8eca2aeb9ce4695f91	949	yes	f847d3caca
_maps/RuinGeneration/5x5_hnesrw.dmm	bfa7decba2277dfa45d5f873ee9c2b20edf3048b	4b72d4a54d9a466c2676faf69d0009e3844c0d6898f6944ec84d3ff542e547e5	810	yes	f847d3caca
_maps/RuinGeneration/5x5_hnesrw_damaged.dmm	0a44ec53be926e88d78a77aae4eae003a9649db8	34beca472524abee0fc682c6c06401168d5573b9683b8e42fb8b840bd9875aa2	1008	yes	f847d3caca
_maps/RuinGeneration/5x5_hnewrs.dmm	6cd947f57838b6ba62219e72468525a30ccaef9b	151feb4ef7e3ada59de0a0e9b10b4474e047a83daa3b92e4e363495430cc4b5c	810	yes	f847d3caca
_maps/RuinGeneration/5x5_hnewrs_damaged.dmm	b379b4aa222106d8961d7d957c183001c992c5dd	5944b4e7c372ccddbe1010836edf463d14f4519674cd433ce7029267b544791f	951	yes	f847d3caca
_maps/RuinGeneration/5x5_hnresw.dmm	7f658dfe9d21bdbbeba2ddc5188fac44b003a8bd	f95790881a54778e7adac4419c609a8ece59da8e6dc1b3ca17689658c6936814	806	yes	f847d3caca
_maps/RuinGeneration/5x5_hnresw_damaged.dmm	276f8c0cf6e070a4357bf32e40af7d7857e20bf6	bedb31d9c5548046faa7061a750d590d0808d27d91cb52163564def90cbc2348	947	yes	f847d3caca
_maps/RuinGeneration/5x5_hns_damaged.dmm	f3ff795b14e5726300803dc5ff48a1ec2f7d7a06	d29d34c58ccc2d547bf6b9c4ca2ff087ddc054265a35323771744e822679a184	780	yes	f847d3caca
_maps/RuinGeneration/5x5_hnswre.dmm	cd18b74b903a96e3851bd69c2672b7bfe14e9434	d9371be848665ccb8c976ec0d8196704b3b83a9acc2b10aafdf88cce81efb73e	810	yes	f847d3caca
_maps/RuinGeneration/5x5_hnswre_damaged.dmm	b49ce929f3c0b65863cc3d9005e5c60096d49692	57b96950b914ea91348f1fa1212cd438046aa2774a91bfb6b7cbfe22562af88c	1008	yes	f847d3caca
_maps/RuinGeneration/5x5_hnwres.dmm	e1c2ef7386882568e34d2d1c747af3d2f9bea3bd	ab973036fd1cd8762e5ba764e911341398e189187d2df935bef1f79d11a24406	808	yes	f847d3caca
_maps/RuinGeneration/5x5_hnwres_damaged.dmm	6318dc36d0461b78218b4ffbdd3ff7a19a4f24c5	9f12c3cb88338e3c9085ecc51e419b2e2c0829be9340684b445848163e354c4f	949	yes	f847d3caca
_maps/RuinGeneration/5x5_hsrnew.dmm	02f4b4526077d12b9a73240d611036fe2cf2c33b	4b6c2952fe5b2c89cff6fb23b7ace9a2db773741c392a5d088ce76adbdcf50b1	806	yes	f847d3caca
_maps/RuinGeneration/5x5_hsrnew_damaged.dmm	63947669ffa573e2528cee10b8f3b73e34747f84	7172317e91788cef8220166395a381c4f17bcd10c7ca01130bf9c845414752ef	1004	yes	f847d3caca
_maps/RuinGeneration/5x5_hswrne.dmm	e51132bd274d9ce55f26703f7d756b11cd5b4384	ff5b784a94557978d5be8c97a038edab7a9bc94b5888eceea9e0f0d326f8feb1	808	yes	f847d3caca
_maps/RuinGeneration/5x5_hswrne_damaged.dmm	bc50fa4ae1d1fffdcfee82ec5f4ea4572471cbd3	df469ee990014ab42c74c4e2504eb8e4db976ac781847ba28dc86539acf199ee	1006	yes	f847d3caca
_maps/RuinGeneration/5x5_hwres.dmm	4eb7b3b9767a4c6c58b5b4b8b0d82ad2d12cdae3	42e09d9ed9a719c6f478736862a52ecefafc5f3df3366d00f2724c5865e0253c	803	yes	f847d3caca
_maps/RuinGeneration/5x5_hwres_damaged.dmm	6cc1d664af2a71dd8267f090f92b4282498e3112	75a140023415b6dc33ca3f11eee393f69f56e6b8e9cd5cb7144918fcdcd2ff3e	1023	yes	f847d3caca
_maps/RuinGeneration/5x5_hwrn.dmm	fc70fbb0b9ad736cae8a9fe6b750b3fac2806700	e28c6d8996847ec60add410f3645b9aeea6a8300020102d83bc6f269f2cefcad	893	yes	f847d3caca
_maps/RuinGeneration/5x5_hwrn_damaged.dmm	02b581cd3cbca92ef3caaace460f0abab46d0daa	c0730a0e6301f7657b975924f2886a098eba6756c846f36fac778f6e250f803d	885	yes	f847d3caca
_maps/RuinGeneration/5x5_hwrne.dmm	41759950024c962001902baa556b1b029864693b	a53e9da3f59f785f658ee1dc944254edf84e616921f10a24a69b24c24f644694	818	yes	f847d3caca
_maps/RuinGeneration/5x5_hwrne_damaged.dmm	78f6d7a88e8f862fe0593b34d746721091295d86	af8470aee335b2852fe91237c132dece53c575f241c359cb692a27caa74bbfe1	1038	yes	f847d3caca
_maps/RuinGeneration/5x5_hwrnes.dmm	0b60b4b1b9afa86ecd7fcc5531a1e01559958fc9	3402ecd2839ae9859acc357d42d65a46b4b8db07eae3e52b6cf44ceb720b9d2c	806	yes	f847d3caca
_maps/RuinGeneration/5x5_hwrnes_damaged.dmm	af1e61a7726ba82ba8deabc81abd46d2b842a15c	5372da8c26207b58921170ff14794f8d7d48c1baf6f251c467c7113286c73c59	947	yes	f847d3caca
_maps/RuinGeneration/5x5_hwrns.dmm	7d7a8cc236f27ad4e4b474fa2ea153e813526dd2	8b379a4f1acbbc95d1edf96aa36440a002481a910dd905bc9294a944916434cc	991	yes	f847d3caca
_maps/RuinGeneration/5x5_hwrns_damaged.dmm	bf5a71c97a76687c70bac229fc272d46fb20a652	7ce4bb899df43b58c0d37555cc535b653b573dbc2039da765912497d1a3b7695	891	yes	f847d3caca
_maps/RuinGeneration/5x5_hwrs.dmm	c6cd1894dba1fa3c2fe0416fc7ab760afe4c01f6	0f4b86c23b8107ac861d1e70229cf67be68be7203bf5d66f153be470e533abd5	878	yes	f847d3caca
_maps/RuinGeneration/5x5_hwrs_damaged.dmm	47e5db2901d05e908ec16456c33ee367f6c30af3	fd6dcc192128762c308c93f0e572deddf43514ce6085325d026b77b2f7dbe392	871	yes	f847d3caca
_maps/RuinGeneration/5x5_roomcross.dmm	bf60e85feeafecbb530e3cdb30f032f3f3628066	c026379d16d955dea39db5999c12fb1193d9018efb4b16a2b49b5f31eb40dd6f	1413	yes	f847d3caca
_maps/RuinGeneration/5x5_shower.dmm	f3129bf939b772c2004c706dee238532ef3f224b	1d31bb76c6b34db9fd358ccfb48b53e780ca2e40d373dee13a4e74e1506d60c3	837	yes	f847d3caca
_maps/RuinGeneration/5x9_gateway.dmm	b1ef5f701f596c9e292fca2e3ec787b711e9cf60	5817c92dafd3f9365197c2ef5c6197d3f8956959746a140c1cd857f9f2851fa1	4051	yes	f847d3caca
_maps/RuinGeneration/5x9_lounge.dmm	f6d98cafa43c0a8cda6b5bc699cd3811cf208ea6	793162a0afdfeebaea5fe5201518ef279c77df860da8faa9d91c8ffe8916afea	1045	yes	f847d3caca
_maps/RuinGeneration/5x9_northernairlock.dmm	fabc3309992652412055b03dc0e2051891f686d0	668661bfef664761ba5fd3688a08e2cf82780fed4db120a2bb3909d2298b74a8	1081	yes	f847d3caca
_maps/RuinGeneration/5x9_southernairlock.dmm	dfa04ae9722bb2414c15a5bbcf67a232cf26f384	4b8c322947d9b7259ca2de31d41ffe7780af87943108f1b9491c4db735662f60	1096	yes	f847d3caca
_maps/RuinGeneration/5x9_windowroom.dmm	676dea5c8fcc0a7667747b742ca90871adb86b1f	4e472fdd63f1bf6b60166299fbf00d7e75468aa787a6566c92d10b86e145d674	1161	yes	f847d3caca
_maps/RuinGeneration/69x45_charliestation.dmm	0e9ddd0c58e4aec11de75b154997ab724db1fafd	95eaca6fc2bffe668dbf663f1f3966006517df5ee259593db19f50952fe23ed2	121625	yes	f847d3caca
_maps/RuinGeneration/9x13_kitchen.dmm	166b3a59aafc309328810ee3a795f4538371886b	adfcf2f4a6e4f4640d5a29cf60a10a0c60b9b48cd193215f09be8daee42e65b2	3721	yes	f847d3caca
_maps/RuinGeneration/9x13_medstorage.dmm	f5cd251e875b39d30e258e1bd30e7fdc1750c9c3	479013c2f80bff51a992d9195ea3d3012c724962ce33b73b2a759200c6ca486c	4981	yes	f847d3caca
_maps/RuinGeneration/9x13_sleeproom.dmm	d9a75405ceaaf8d207f9a89b08b353f770d58cb5	0a2f9a5705b5cf5c1bc83316ab8b5d706c16728957ff1584d067822f635d9ddf	3582	yes	f847d3caca
_maps/RuinGeneration/9x13_teleporter.dmm	4efa45b949258bca1799df49e3d75eafd6bd0d6e	8feb6d1102cae35f1b3a64c99698576fe883ef776aadf542c6c5331b741d9e8a	1877	yes	f847d3caca
_maps/RuinGeneration/9x13_vault.dmm	07093ab23348baa32d384704b7bed7d697efa6e1	f98209a0a50616a29b5d293bb2f5dd39977a22dc71dca209e6e14a44470564f7	4916	yes	f847d3caca
_maps/RuinGeneration/9x5_3_seperation.dmm	c78cb3101057baf93da0897ff8eb25383bcc4cab	f32f5095e887d086603bcf791b0fc2d15ccffa72f8d6e510913b0457a04058c7	1022	yes	f847d3caca
_maps/RuinGeneration/9x5_cloning.dmm	3a9ec616425ec8225d485f5bd01d00286da0ab47	30eba672eedddf35d1a7a0e7fa4e64ff6c30e4341de5f52105fe30f00618fd44	2337	yes	f847d3caca
_maps/RuinGeneration/9x5_hallwaymaints.dmm	7d8318500c2f6c49de820222f0a9fcbaab401050	09f156c4c0ff1a154d6a6d8c44afcd5adf1560040c7be7c82f4d00f4dfbede2e	1924	yes	f847d3caca
_maps/RuinGeneration/9x5_maintroom.dmm	f62070709aac2825d1d1c171d8ea8374bb55ba65	764d679887246d7b048de09e917879f16809293ec165d2a6806a28b3d443ce01	992	yes	f847d3caca
_maps/RuinGeneration/9x5_morgue.dmm	fc34a93e26a3c8ef8f55f3e4b91741e99f750def	f9ab1c67baa67184a5435456fc6087a98059f8775ef9e7da45cff11833ae8f1d	2137	yes	f847d3caca
_maps/RuinGeneration/9x9_checkpoint.dmm	d6cc7716d301a1669b21f006d5f53bd4c3a0083f	eb9e9a7c9967b89ecdc2a035b3e23b5d3ab58131ea8b71f24fcc88004a87a4e5	3939	yes	f847d3caca
_maps/RuinGeneration/9x9_chemlab.dmm	0448c5b6141a6d757f4fa728804cb5ca7dec4528	39913cbdd8252031c5dc2c21775af8457f47ba73a495408b266158fddc885d54	8362	yes	f847d3caca
_maps/RuinGeneration/9x9_elevator.dmm	7841166ec06e8bd66ff08dcc0203ea7d858d06b1	02b86ed25646ae98b833c6e5c6848d61225d76122fd2723006307928404df144	2022	yes	f847d3caca
_maps/RuinGeneration/9x9_genetics.dmm	eca187fc76df09f3b9c2bbc1b7072c53e87db156	f8c5c087aca5a3a6e350a7569cde6eed8816d62b461650eed5d3f87bfc810fce	6974	yes	f847d3caca
_maps/RuinGeneration/9x9_toxinstorage.dmm	1411efa978d2c0f09e133a89cae66cd54b290944	e9d6b77ddeeccf021fb41356d838efc0f362fdc24e87c7e1d2755d60ab7335f0	3751	yes	f847d3caca
_maps/arenas/2fort.dmm	74e5ac29607bb4c159b4b27a94fcd231f1a5807a	b39e659f79ee5738dfb4179f58107b9797df6a3a02bb9038fb3d47c723ea5571	1141	yes	f847d3caca
_maps/arenas/2sides.dmm	90717c09bb2f88d90398bc86b5a8c0962c043d61	86502f711372f5c9e46c599cfeb583d299f093f9a5e79b2247669e74e1b23849	1814	yes	f847d3caca
_maps/arenas/Stage.dmm	1dbe2a9b43958cd4f38853c521bc0d54a6ff45dd	f3776b61bdca41d56de485dcdf657983d5aeb4eeb1f14eb4b53d526632b424f7	5366	yes	f847d3caca
_maps/arenas/aiupload.dmm	72b9e520357064542a57f1a7fe477c68bde3cf97	9f660f3801e8e6cd61ef7a5600f81b8985a175499584d50e3430c7f80d03c18f	4852	yes	f847d3caca
_maps/arenas/bar.dmm	353b4fecfaab4293cb8626683b4dd4482b629394	4348f882a0dd12032ced1ca030d273811d7e6fc296cfbfa083c38d00da826218	5021	yes	f847d3caca
_maps/arenas/beach.dmm	ea4ebcfd348b22f922a30f8b9fa5533d22ee605b	59b0091e37bafe582a226592ab93f945057782122eeb8d36fa6a1829e68e3d90	5078	yes	f847d3caca
_maps/arenas/cargobelt.dmm	67b8c959d2809b3eea30b9dbaab14a3515b28ae5	a9e12c25462eac79e5dbab0789891e7125c8e7c553573eda9fd3bf80d4baa49e	2455	yes	f847d3caca
_maps/arenas/clockwork.dmm	24bb878178de9366661cb4c4e3b2015c0a368f6f	8726c28ac3a0ba12c787d5bb99e15cfe744f031f07d423d5cadc45e0d2ffbb22	2799	yes	f847d3caca
_maps/arenas/defaultarena.dmm	120c978233c7d0423e3bf6ca4b6c96acefed2fa1	7213113d95467756fd469dcccf6423955c70f06f2695cddb03c20bee0561c12a	1310	yes	f847d3caca
_maps/arenas/dorms.dmm	4ee748fa4d18f037013d291d2cae47e4989059f0	efca2809929fa31d0a7dade0d99512c8b8b79b7060932bb0363ce8105cf999f4	8910	yes	f847d3caca
_maps/arenas/laserbox.dmm	f6852ef7feae467a067982b2e8f33df5e5958284	ea1e21154d9da4307266e6e66c3b25f900dc1e928c6eb09d06d5f8ebdd9e90e9	12962	yes	f847d3caca
_maps/arenas/lavaland.dmm	8290b2fb03fabf3e75e214e20885091bab6a9869	300c84cd0c93e4d8af31aecd01d18dfb15092fbed141ad6046c6bdf9b4c8a281	12040	yes	f847d3caca
_maps/arenas/lavaland_arena_2.0.dmm	58bde7291384e0f00307026b37d25e6623acd35f	e6f2cc40b2b68cc952c86cb29534891fb1b126ecb284fff88d0f9d60720d9134	16007	yes	f847d3caca
_maps/arenas/mazemap.dmm	5edc6a493e1ca454e7ae9ddbdef092d6ffc01503	f54ec9e52e6963cb4dd4793faa44b49fb5a56d185aafb46c85da7290f100dc19	847	yes	f847d3caca
_maps/arenas/monkey.dmm	6615c6f51a5dc1531bfca3eac81eb92233154b95	fa631b3614a2cbcfdd97bd02f2d0be28fcb12839379849446a97c88326de51fa	1977	yes	f847d3caca
_maps/arenas/singularity.dmm	806f9f3e4aaf6d5b95f62977c9bc533d656567c7	06d30c97097ca6b74801019850e8145b30e3d6754890c888e6a4ea274f38bc9b	13167	yes	f847d3caca
_maps/arenas/solars.dmm	3e3343c4e6b74e2f8035f62e04fef0803e41552c	7216276ab88bbd3fb6148edda6a8bd815d3101d7820014f5372c0251fc654913	2386	yes	f847d3caca
_maps/arenas/soviet.dmm	2c2aa2a7704f5362470a68666bc73288788aec80	93f0da3677a0a37074d8d328c4bc042bade49b61bfb3e4da97c39a807b597b38	6489	yes	f847d3caca
_maps/arenas/supermatter.dmm	7e34263c47bdfc6f60be367b24158ba9607f59b4	f9b2d7f6df59229d6c5439405a0de47f4b2eb083608208ae7a215ce3b3be8048	9806	yes	f847d3caca
_maps/arenas/survival pod.dmm	d41f152cf8017dfbb6d3d0d749d3b12c0cbed7bf	0f0500ce3b4b8900a9c84b91419f87821e52dfae2aaac76120400bb63ee5af89	3848	yes	f847d3caca
_maps/arenas/thunderdome.dmm	34152d44c854d2d5e5e4b32bb171dd9aaf2fdc92	1dac619a0628c006c12b0ea30a172c406e40cd8b1868608793cbb13aa4dfe7e1	2905	yes	f847d3caca
_maps/holodeck/animeschool.dmm	05c9b1ad3d54a74ad09d175a0665129ac85fc576	e5ba51b5c09747dc44864347fcea03da544232f8303bfd3e1a813e55a47a2b86	2048	yes	f847d3caca
_maps/holodeck/anthophillia.dmm	c50ff32ebced3958fd768f594d1852e062f4e57b	d8112da005dbd06d0cb601f213b95d9c9a7b40961d483c01cf021832d5e17f6a	1123	yes	f847d3caca
_maps/holodeck/basketball.dmm	73e97ab3f2098e5059934cb7ca335895e053e29c	c41edb84252669550529d34d13a0b6eb7f847e0636db4f15ca2f2cf0d3147df3	5792	yes	f847d3caca
_maps/holodeck/beach.dmm	75a7272ee144d0335129e0b4db88285623d0ea7f	d4ac6dff19d79cf83b7132e234ce109c3962707726d1f93c91bc877dbdb6b27c	1912	yes	f847d3caca
_maps/holodeck/burntest.dmm	4c7affa23f6241c5699242a0c76dc9957719d61c	607ef7f704eb80be86e38a937b5e518e0844800307faaee830d448214e3c414c	711	yes	f847d3caca
_maps/holodeck/chapelcourt.dmm	2873bc47b47699cb14cc48470335eb43b79a32cd	5a5aa42a375ad595018bcb5041afeb7a3dc12c8151f159385491008a6f9003f0	8464	yes	f847d3caca
_maps/holodeck/dodgeball.dmm	3730d3ccae42b74a86a000dabc7be6dce5654571	4d46b1ecfa7c355d496bbe77fb314aebd6b49ca2bf22f2d0f815ecb3a47a4bd6	4220	yes	f847d3caca
_maps/holodeck/emptycourt.dmm	9b7d54365e4168d2c4e8d680dde8fc85f425b486	0405a053628d2f44a6f120b4fa5daedfa7b6ce0f99695c45fcdd4b160b1d02c7	2292	yes	f847d3caca
_maps/holodeck/firingrange.dmm	49000c2198f11760b3eeb37f6ce2d8db98be203a	750daefd9f36da2b6ac4cb81e4ac60c859127f2969c6e1d95be0e86734014725	5028	yes	f847d3caca
_maps/holodeck/gamer.dmm	570992d243790b8bba118aa5809fa8d295625f93	53a1e0e1f44a6137975d862a056324a57c67c255d3bc3ae5bf0bf074a5f55299	1019	yes	f847d3caca
_maps/holodeck/holdoutbunker.dmm	39e68f17ee5250837515f9a5bc9c4be7a7e3ed04	2a3f31888ce24b5c51d17e76c2569f5ce2156bf2a1084656aeedb145c017c543	1700	yes	f847d3caca
_maps/holodeck/kobayashi.dmm	b46f24c4b5c55a001c6fc2a23f0a63a871d38d39	c9cc94859c003b10977701cdda6d0eb0cb19b684f152893a9ddd3b7d830dc90c	6048	yes	f847d3caca
_maps/holodeck/lounge.dmm	81f5766186203b3498bac99edaf8a77a55d83380	482af4c94c78fd793d851af06bab33e8a5455f232b807ad2a07510e00008e8c6	6574	yes	f847d3caca
_maps/holodeck/medicalsim.dmm	ce775d3ec2ce6db4916e7a5844721c5a8dc22064	2951031a3387efc49b90939e99572b406d8f0ecec6aa0e4234874f5012e369f8	16704	yes	f847d3caca
_maps/holodeck/offline.dmm	962ba7b16d40f279983dacd598dc0e249a74f150	3b36a6f86aa81501fe4dc43671ffc04a620d1bac4953911ef3fff64f0e68554d	590	yes	f847d3caca
_maps/holodeck/petpark.dmm	598001722fc4501af4195c269eddab46ea1e7aff	c9d3866df6df8079148a60e921d4a734b64fb0526d5f147a7a75f801dd24895c	4055	yes	f847d3caca
_maps/holodeck/photobooth.dmm	a3bf3f7c95a87f0523c05c20a34b4fd9159644ac	ef674acd7008da96aee0945749549b0a70f27eb89bf0113a05b93258d38f105e	2344	yes	f847d3caca
_maps/holodeck/refuelingstation.dmm	e066ff996229957b78e5f2a7caa9d93db4b32dd2	5c33397d8875ce5f6fe43baaa95f30e6b040a7fe6bb2a902c00c203c3377da6c	795	yes	f847d3caca
_maps/holodeck/skatepark.dmm	1238c9f21bec8603ff4a674e2517006b78bb57a0	de3f9dd6bbe646bebaebfb67c1fc3b02ad8960fd70993352edf54c923f35ecd2	939	yes	f847d3caca
_maps/holodeck/spacecheckers.dmm	c59da010a2aa2ba66ef7f67c7b51937de58b491c	d68cc9dce85c166bb175f56ea3b3c6c4971e875d9f8ff1d73f74557c5e17ff22	2293	yes	f847d3caca
_maps/holodeck/spacechess.dmm	b143b6eac725295043b5b0faa8dcd92695fded8d	24cb7ecdadfa81b41903a3c87ab651e373e6bddcb349ba8a013d9345045377d4	3330	yes	f847d3caca
_maps/holodeck/thunderdome.dmm	e9b1eb5167aae5ccc9c12519be22de471dbcada9	8bafcbc41bd796ed708050212c56d88a72dcf92f13acc0e360972d1bf06f2ece	1521	yes	f847d3caca
_maps/holodeck/thunderdome1218.dmm	da6c753cd0333b6dcade97aa725ebdde7534dccc	5c4596e550cf51f599cda65406205e87ed6b17c5cf1ad80473f1053ffb52c0e2	3139	yes	f847d3caca
_maps/holodeck/wildlifesim.dmm	cc01ef83518e2fb7a0bd01bff7b04a1af74a1e75	9d0e5eb81c95b0858b4d7e5dc1c7afb46bbb1cbf8f2a6e8a35775d96d8697676	699	yes	f847d3caca
_maps/holodeck/winterwonderland.dmm	039186a6f3cdf4bfc5d5fda152dd259171f8fbfd	b4a100b3533513796d05b5a2a163a9295e8bbc7eb299f09282ed2b6887a56e1d	3397	yes	f847d3caca
_maps/holodeck/workshop/donut.dmm	4db94446ce4b81a2820240975429e5046e58625f	b511f0d139ace849ac9ff5fe4dc7f2c7a75ba2243b98accbc1c24e180c6aa9fb	6538	yes	f847d3caca
_maps/holodeck/workshop/offline.dmm	ebdbac6ac85c50d30beedb3f1418040afe6c9210	336bb1f3c4e1a28deb0e2b9475d747ba12a4b5ca108cc18e78e30d3a1e83049e	491	yes	f847d3caca
_maps/holodeck/workshop/plush.dmm	b0cd66ef347d718b880527f7e68b71007bfdf946	4d6453adf89feba5316ae25ebae51ba0c2d340d4e2839a69bd38c182cf4a777b	3945	yes	f847d3caca
_maps/map_files/Aetherwhisp/Aetherwhisp1.dmm	8bccb664b8151499fbe5a67a0158096e2e5b47f4	cd502276658701d7238ff135a696924807687ea7fa7b160a3a8b746243dcc9d5	1274079	yes	f847d3caca
_maps/map_files/Aetherwhisp/Aetherwhisp2.dmm	8d505cf635a723d2eb7dec59a687301064875b50	3306ea7799ddbd402648ea53c48b4fe675a554ee86c04a473193514635e1087e	1224925	yes	f847d3caca
_maps/map_files/Aquila_Atlas/Aquila_Atlas.dmm	7744abb7b675020550c7b17b50246413982aec55	97e446b1cf919198a0a14ecf27c403ed9bb9834f7cabfd6f4d85b907a5f9718f	747086	yes	f847d3caca
_maps/map_files/Aquila_Atlas/Aquila_Atlas2.dmm	faee0eebd657a07cc9efc98f8a5ca1ed58c13566	42ea88482e50b7a70836643e14af99df8e6f20f37266dbe7493daabbcfc5e6d4	656604	yes	f847d3caca
_maps/map_files/Aquila_Serendipity/Aquila_Serendipity1.dmm	80e29774f14414e44dec15389f1f7653e94c8d45	5b6eb69afa9e95584223307c1ee9180ce4ed4964557c8082e2a7cd2881f88adc	673404	yes	f847d3caca
_maps/map_files/Aquila_Serendipity/Aquila_Serendipity2.dmm	51c9535857486dc1801053b186e58e10b8be28e9	8af40c91b775c554e6fef88723fd585a88b81a982265b75c9b1ed390fc7fb04a	553307	yes	f847d3caca
_maps/map_files/Aquila_Snake/Aquila_Snake_Lower.dmm	b936de544d4e2bc2836679c6e4fa5844f3a62277	256b8f00cba9b25a1c6d375e970a53427e14c0d3ba41911614aadd67363a3781	642508	yes	f847d3caca
_maps/map_files/Aquila_Snake/Aquila_Snake_Upper.dmm	9711535b39e1d1b80d9d5ee034f810c0c246a5dc	f4d7ff128c4b71eb47130336fbc002efc101302fbc51548ab22ea321679a1c40	496781	yes	f847d3caca
_maps/map_files/Atlantis/Atlantis.dmm	777b225a63e2e261914d0b0d96f721ecc39ad670	ca25bdb4858aadaf62428c66c551ec624d2fb868c5fb8be1fd5e36c8475675fb	1102579	yes	f847d3caca
_maps/map_files/Atlantis/Atlantis2.dmm	09756cd0d1502947a7be64b94d54cc782f58d93a	9f1067ec8647e1d21c00332cf2e2f64d3a2c6adf1fec611bf236062afe5bed02	946086	yes	f847d3caca
_maps/map_files/Atlas/atlas.dmm	7744abb7b675020550c7b17b50246413982aec55	97e446b1cf919198a0a14ecf27c403ed9bb9834f7cabfd6f4d85b907a5f9718f	747086	yes	f847d3caca
_maps/map_files/Atlas/atlas2.dmm	faee0eebd657a07cc9efc98f8a5ca1ed58c13566	42ea88482e50b7a70836643e14af99df8e6f20f37266dbe7493daabbcfc5e6d4	656604	yes	f847d3caca
_maps/map_files/Eclipse/Eclipse1.dmm	97e7f3b1da220ab8b42427c3adbf71ace8693896	f943aa9cff9d4ca6e0de44c5e2c843f57862db59215fb51c7e94d41223e129c6	566714	yes	f847d3caca
_maps/map_files/Eclipse/Eclipse2.dmm	967ed5b089c7a63c75dd106537ee90908a28f669	a4f4094c516192dc1424c282f936cd51dc57fbf2c91bb0fb048747bea1c638b9	279937	yes	f847d3caca
_maps/map_files/Galactica/Galactica1.dmm	1a11d154244248c8d4696bdd875a9128eb939369	1ac062945cc6684d89ebf09358a3f2221262ea3b3823181d5b0a32e61806b7f0	796311	yes	f847d3caca
_maps/map_files/Galactica/Galactica2.dmm	4c04c49d075a23115aa2704c5d16b9100f996a2e	502e861eadc264b95fb1da7f042a57aaebac3ed2bb7059a9313cac25c8ca4a7f	1533518	yes	f847d3caca
_maps/map_files/Galactica/old/Galactica2_old.dmm	e7b9c7f0a5218bf377541f60f1d9040c927aaddf	7a6baf0428a375122e8f91de43c269540ea7d890e4041e04da5f21ca08ec9fb9	1798137	yes	f847d3caca
_maps/map_files/Galactica/old/Galactica_old.dmm	d9f11278f5a82b0f92071f21567440f787931684	9e3ccd877b73ec651d8cb8b3723ad54e34e02cdbb69d79c1f0df941c8191fa8e	654346	yes	f847d3caca
_maps/map_files/Gladius/Gladius1.dmm	21cc22dda16566a01c3008c87d31623ed80d8d8e	764be0d4efc530ea8859725cc183ae3b0ff473996a9ef81dd22d34a4b2040ba8	1591040	yes	f847d3caca
_maps/map_files/Gladius/Gladius2.dmm	b3f9cce3849a63f3ddc195e58b17691009daae74	a3a640be3fdc60e8814a3bc9d2cd34c6dc3d8e0cc0da50bedf0c18889dbeae18	1391452	yes	f847d3caca
_maps/map_files/Hammerhead/Hammerhead.dmm	7c51bdd0cdcd6314162e91110a33e8524b35565a	b2df29d9456da3711c99b76bad2a92a5fc0e466009dda1e70e4da0d056037960	1728656	yes	f847d3caca
_maps/map_files/Instanced/map_files/Babylon1.dmm	f67cb65d908d4569edfa419a264b2c4c846f6f4b	7360d7fd983230b52e24eb25dde6971f1499223b562a28201af659335ca4727f	361498	yes	f847d3caca
_maps/map_files/Instanced/map_files/Babylon2.dmm	b975024fc7eda7b6a817359d7259d062216c8da1	7f411f8091e8a2d3104917981d2b3419021c2bb415822cb7e8c9dbba29cc6f41	1000894	yes	f847d3caca
_maps/map_files/Instanced/map_files/Hammurabi1.dmm	a0054540c3735569b3a41a639eafa9c293088522	8583bdbc86c76acc6729063ef264fd5d957781f67e03503c965752fa7f84d286	302318	yes	f847d3caca
_maps/map_files/Instanced/map_files/Hammurabi2.dmm	77feabe5cd5e7f815371bf5c9cb49a92fb63c5f3	299a0cb6c059a23363a98093fcc376fcf13f1017c7338f1c752079221c6be453	471131	yes	f847d3caca
_maps/map_files/Instanced/map_files/HomeOne.dmm	ba3b3cec26c58500172e007553766a9ca4afd9ac	768fdee6aef400a07f7cb84b41a633decb5a460559d4cc360e1241060b4044c5	417391	yes	f847d3caca
_maps/map_files/Instanced/map_files/NSVElcoPT.dmm	290c2792411fe8964379d7652141742d6759a7d6	10f5e1fae25a97bc1184b188e90b5b37e5ca7682a89fd378c99e0183d843a52c	348904	yes	f847d3caca
_maps/map_files/Instanced/map_files/SpaceSHIP.dmm	259ee20079e1753b513ecefa1428eb876ceb1205	22a8c9684272b9d192abe8820ba9353250c33757a1df99d33a4954bd066b976e	793785	yes	f847d3caca
_maps/map_files/Instanced/map_files/admiralroyalty.dmm	5155b02d4a8f92ca6454cb1e8f6e764669799155	2fed4ce3a63ff30be5629fbd6aa307a9eb500f886e12301e81b34dec18108e55	447137	yes	f847d3caca
_maps/map_files/Mining/Lavaland.dmm	1a873daaf6fee3e2730abf5764113112fca2da70	6203bf824b26340ae92dbae40ec1b5b84e1e8e693f26b211a098c090f872b618	444257	yes	f847d3caca
_maps/map_files/Mining/nsv13/FOB_Shuttle.dmm	789c93379f4a7c392623b24a901519239f7aa74f	7ed92e2d47e62d3f83842752dbeb2f4e879089a5ce2cb5223a6cf95a2806ef5b	69848	yes	f847d3caca
_maps/map_files/Mining/nsv13/Rocinante.dmm	0708dc8fe0f9780b6cbdf9f7af6bb53b9d75fa71	e1e755e8cdc1f17486f11d0135ddc349ecc6692758322120c0155b1338b4ee94	404615	yes	f847d3caca
_maps/map_files/Mining/nsv13/Rook.dmm	8ee8010fbc1e19bf4b59fbb7225ff770592b3a13	01d06be218d0450860180301339ccc03c9cbddeb03a16c078562bb2794b64077	314685	yes	f847d3caca
_maps/map_files/Mining/nsv13/Whisp_FOB.dmm	6cb601d65c3f9615630bd7c1b19d919a1aff1e31	2146e9d617ecd84a4d9b0937d364353a3e20682d9e9c5f119bc5115d35a1d033	332220	yes	f847d3caca
_maps/map_files/Mining/nsv13/asteroids/asteroid1.dmm	fb2ca70b4b0f6a8816abdf91700901e28d919031	0549a8cefdc3e95d52a2862133170304291a70bd4e0691310e5ddae52032efdd	5991	yes	f847d3caca
_maps/map_files/Mining/nsv13/asteroids/asteroid10.dmm	bd93e4ec35310554e756e594da083e155e7ccfe7	0d132e5db3873f8c895b6d8def9b9d3747598694d0444666d0542f6d65d66ec5	6059	yes	f847d3caca
_maps/map_files/Mining/nsv13/asteroids/asteroid11.dmm	0cfa73faa62fa0c35edff3e4f9b7346b4e3b1ccb	194151840bc3184e510c68c7d085ea543ff0903ff318c5c3cbc57421f3e65e30	5986	yes	f847d3caca
_maps/map_files/Mining/nsv13/asteroids/asteroid12.dmm	175675ca6365f19b80ebf248fb2308eaffb75707	fe75fbe919e7dd75e5efd067a5441e405f1dfd6a4e910688147d25ee1eb46710	5914	yes	f847d3caca
_maps/map_files/Mining/nsv13/asteroids/asteroid13.dmm	29827b0f0f064d902fb369d1aa82c73b2cf2e6a6	14625fcc197e83fbc16f861a6c75fde8f3ff03fe93a3af6bc0da9d06a72738ad	6059	yes	f847d3caca
_maps/map_files/Mining/nsv13/asteroids/asteroid14.dmm	7e9201fcb6e567de77a0be2ecd647c4f22b1bd32	388533e709a115a04216fecac6973dc3c83ca587d740d244c6fda477797a69db	6059	yes	f847d3caca
_maps/map_files/Mining/nsv13/asteroids/asteroid15.dmm	1d41c124052fd851efaf5d054b1d1fe0486f5b7a	25f4c4b2c7950625708fe846f9f32188a3b84aa7f4182b63e125d9c24d91542d	5914	yes	f847d3caca
_maps/map_files/Mining/nsv13/asteroids/asteroid16.dmm	af19af4184d2d20687e0bf40615f9a14b753ec0a	ef767c4444101f8b452671f51df11d07bcc90eedc48848b88e4f81d2eae6b464	5857	yes	f847d3caca
_maps/map_files/Mining/nsv13/asteroids/asteroid17.dmm	7a0b1ba5346a945549e1383c30c67216a5b823aa	c35ad72d14ce9c5f302b0054211cb460f64583cf8c92baef7257fd5197260e01	6048	yes	f847d3caca
_maps/map_files/Mining/nsv13/asteroids/asteroid18.dmm	821891986f6bfae54990b207f4bbbef635def468	4c6e14838957cf2e17678c6cc0715d76d4e3c8678acb037bdaba18f5a5b8fc0f	5914	yes	f847d3caca
_maps/map_files/Mining/nsv13/asteroids/asteroid19.dmm	65b23060c2ae1ff213b68257edab11ec2da1bf74	b86bd0bc54a7eefc500abd21065a55fd82a07d3af1a5cd76e0074d91a23d09d6	5987	yes	f847d3caca
_maps/map_files/Mining/nsv13/asteroids/asteroid2.dmm	aaa0460d3b7702879c4b646ecf61b1592cae9a42	f4a96b6c4954a7b14cd95ade84db81167e0270128025f12f68fceff66f2edd97	5987	yes	f847d3caca
_maps/map_files/Mining/nsv13/asteroids/asteroid20.dmm	802c2aeb0ce5de6b48685393adcef1b6959ff9d6	1c3897c3b82e8e63e797c8fc67a538697c0b762ffc3a2b6544405643daebbef8	6123	yes	f847d3caca
_maps/map_files/Mining/nsv13/asteroids/asteroid3.dmm	ba056f69a0d257ac3ed0556bc19fc570ec31573b	bc100a88dca15ebf00c158ae4d3d5ba322ff0d67bf9a3ab5a1fdb9e2af1b61f1	5987	yes	f847d3caca
_maps/map_files/Mining/nsv13/asteroids/asteroid4.dmm	d6a8a0f48edc5e067bae81de135cebdf6671b987	5d510d0d3117d63fcd810248d02e61263c0f1f9cb182b020f9486735a9b0b9ce	6048	yes	f847d3caca
_maps/map_files/Mining/nsv13/asteroids/asteroid5.dmm	5949c4142e76293b9e04315beff7a9dbd902f34f	4ed110eb2b58a656462d4b4f0c3111512577332f1673e81b3a98158d16b2369d	6059	yes	f847d3caca
_maps/map_files/Mining/nsv13/asteroids/asteroid6.dmm	e82fd45e774afea4ad750111635ebb3e566cbc1e	f274702a0431d82609e11b0c4a9b9e5ec78de1ab36727724ad64479a797fbf7f	6059	yes	f847d3caca
_maps/map_files/Mining/nsv13/asteroids/asteroid7.dmm	a30566d1954c039c8acf2db69540d7d664a0142b	48a5f347c9c8753d32797bff94c6260d5358ab1818776441b9dc454dd79fecde	6059	yes	f847d3caca
_maps/map_files/Mining/nsv13/asteroids/asteroid8.dmm	e9a7b6e7bbc9069cd90589e8c32d5b83d7fcbb11	2294d821ef2d2c8a618d0d73dda4ccdbc86b79b1d0ba81bc453132b83dbaf531	5914	yes	f847d3caca
_maps/map_files/Mining/nsv13/asteroids/asteroid9.dmm	191293eca1ddb15b8647ac27a2b9d96ff9160636	da12a49f10129ea93e1c9b7df1df87142318d35cc6396ceedef9943662f30ae0	6059	yes	f847d3caca
_maps/map_files/Mining/nsv13/gulag.dmm	598caeedc715cab531d1d60555eebd437055cd9a	11fb4f5799693b601dc15735040e168d9c56fb8794fd84c4732757dec51a45b3	312891	yes	f847d3caca
_maps/map_files/Mining/nsv13/nostromo.dmm	56bc0e33f196e1926c5142fec73c8218c02b0a52	579cfe214af9fd6143c6a7da0f3484ce3163e45e26a238abca9f960d6b4a902f	367773	yes	f847d3caca
_maps/map_files/Mining/nsv13/rig.dmm	97040b62adaacdb2d750372fe1060dd5d2414838	0c63ec0824aa2e3c233b9755cb0191de405b883ca88fc2d24d87bf78fbef73c4	274461	yes	f847d3caca
_maps/map_files/Mining/nsv13/ruins/mining1.dmm	fdbee8864cb1c83eb563d526747fa95999099bc1	0053dd2fe3c30ebaa79d98d1a199fab78984dd293c777ac14749e302feaa8b0d	33438	yes	f847d3caca
_maps/map_files/Mining/nsv13/ruins/mining10.dmm	884db8842bbe99b4cbdbc2197f1bf1a5055470ad	34e29faf1a0bb63641de3dae6a384fbdfd8e587ec500be6603d2ede6b72300f2	6457	yes	f847d3caca
_maps/map_files/Mining/nsv13/ruins/mining11.dmm	b5d8cac72ebb049c6e94124c519087af29a68df4	5723fb59052ff7f47fca0dd7530e418c0c623a4b8e9a6d180e2fbc87164da955	9228	yes	f847d3caca
_maps/map_files/Mining/nsv13/ruins/mining12.dmm	f344171dce1a83a47536554946ac918fbe513716	b381dcd690dc34a749b6c4197d173c38cf91c785e18213626020d98d0884333f	8578	yes	f847d3caca
_maps/map_files/Mining/nsv13/ruins/mining13.dmm	6fcfdd1daa8e9f81b7a8b02b3c27b92458b7fbb9	cd2ecff0e3068e4802b4e8410d2d61f48f6681c5f0b864c7c4a671385d7ecc0e	6530	yes	f847d3caca
_maps/map_files/Mining/nsv13/ruins/mining14.dmm	a0bfa7697ebc348616b838960f02ddfa33aeb91a	054d88faa275f0679b78b1ef6482959840c75ecdb160af320907edad0acef8d7	9466	yes	f847d3caca
_maps/map_files/Mining/nsv13/ruins/mining15.dmm	fd2b08fd0609bd14486b20ce7d424e9087e1280c	02c4da04559c0ec9980370735a6f53e5f137b0086169c4dafd87895d6124859e	5910	yes	f847d3caca
_maps/map_files/Mining/nsv13/ruins/mining16.dmm	b73e289c3cea50b5b3389edc8ca4b8288179f5f0	c35fe3c9f98373aaef2812a084d2d87bb6f283790804f8ac2fe136261ddc6e9f	9210	yes	f847d3caca
_maps/map_files/Mining/nsv13/ruins/mining17.dmm	7e2853ed28076df70f7b7087de8942e7ad62f9bb	bd1e92c948f5dc4a331b76d74e1bb6394c93206d1e46b539925fc4079c0f2cb9	8043	yes	f847d3caca
_maps/map_files/Mining/nsv13/ruins/mining18.dmm	90b1d6a81403b88be56c39a30033c167805ad3e3	985d23f04520137471982eb55f60a9152a230037bb154080b54e54a364b08a13	9555	yes	f847d3caca
_maps/map_files/Mining/nsv13/ruins/mining19.dmm	2e44610d33057037a5200d38342b262395d59f28	0b08284fe6a3dbe9892dd608bd4b5c6cfb8231191e1b2ce30610a07fda93d2c6	9446	yes	f847d3caca
_maps/map_files/Mining/nsv13/ruins/mining2.dmm	b4281df408450718114f49397b5fbd1ba3489e18	b1e8c5e9e8ee11df0aef7341bb0c45a0f759f561f54bb69048ed215f3874aa52	11863	yes	f847d3caca
_maps/map_files/Mining/nsv13/ruins/mining20.dmm	3c134901dc34d65d8c1d017881c156e5180b5b4c	b7b7592439e4b6d479d553a84b1b3f4d6435bac7e1d2700890b1d38076e8573f	9879	yes	f847d3caca
_maps/map_files/Mining/nsv13/ruins/mining21.dmm	605cacad45afad0c7ec161ac4997fddbd514a3c5	3fefcda31716162eacd4b2aee55b3a8c3992c69cca8491533ded8eb670cf3648	7340	yes	f847d3caca
_maps/map_files/Mining/nsv13/ruins/mining22.dmm	6bd820e510a27425b42afc4046e23a5aa4785ffd	016fd9c5daea0c0d309e26d890043315c71a6eebaa23e61c4a369c3905f81c52	11131	yes	f847d3caca
_maps/map_files/Mining/nsv13/ruins/mining23.dmm	88719f11768327922d63be77d19b388eebbe0d99	27a2353097d7a23acf7ebe134f41547ba723236c8a514ff4ed3c013a128e8029	6073	yes	f847d3caca
_maps/map_files/Mining/nsv13/ruins/mining24.dmm	4c5e0f90fa8f39614b166295bed165465c4cbfb6	b53becbb4e3e12dca12f5cfc19982bce61366de943748bf4e836e62114536031	7065	yes	f847d3caca
_maps/map_files/Mining/nsv13/ruins/mining25.dmm	917405ece66c3ec1e2431d91ffcdda3651b03ce1	876dcfd20873df0a3e9280fd00ab5a7179b765ecf1507074815c586084f5de77	7609	yes	f847d3caca
_maps/map_files/Mining/nsv13/ruins/mining26.dmm	f08854983c56363c46257bdde4b128313be1436a	c3383183dc31860617ef295f8359137b1650bb86618e29572a83f9dd1e1175c8	6364	yes	f847d3caca
_maps/map_files/Mining/nsv13/ruins/mining27.dmm	3ad3557ec8a8e9e9e23e88979a72686dddc0177e	0fd0993c7bf33fb19c33b850c5249763692401f9876b966f7168b5cd6ad8ba9f	6120	yes	f847d3caca
_maps/map_files/Mining/nsv13/ruins/mining28.dmm	16b67cda84f289e5f2bdae62cbe2e3849ad724a9	5721eb8084b5c7c8149bf3841ad081eadd5bb967dfaa4b2241a6c032e84dd849	15449	yes	f847d3caca
_maps/map_files/Mining/nsv13/ruins/mining29.dmm	5825c3fa7804b1bd5bc29752e5253569e867544b	e788be9d537493b25ec445853a8923bf566793a35e0ce79a7c4b636f79196cdd	8019	yes	f847d3caca
_maps/map_files/Mining/nsv13/ruins/mining3.dmm	f7a40bb643f8725e762e1eadc9de2de61cdf655c	bd34ae1b94a118f3c90ad2589fad7bf66cd1c102acf6ea02c4413b9fdb58402a	32027	yes	f847d3caca
_maps/map_files/Mining/nsv13/ruins/mining30.dmm	a2aa0141dd646cb61c85d9e39de009df1266f0ec	328a166bc534f338a2eb04017a024c40e40599bb77c1a8cac9379d588656ca5c	8924	yes	f847d3caca
_maps/map_files/Mining/nsv13/ruins/mining4.dmm	947342fd7b93f16a093be6083a814c22d3ec752c	4dbaf304c1573b784b8b6e7076e6b51ac6af3a93905b9f9c9b1ffb4c0b42c06b	7486	yes	f847d3caca
_maps/map_files/Mining/nsv13/ruins/mining5.dmm	8d2b2a8b144ee782a70d6d157cbbb9d9cc26b1cf	031b4f9a244559a75926dcd7d9d6114a54cef7c96c9a823c057054fd908e0e84	52580	yes	f847d3caca
_maps/map_files/Mining/nsv13/ruins/mining6.dmm	019c9a7576f2e84627aa22b58f6a45a0f670e3e9	3b814a9f22d69e23abe6f84fcbd370ca6ccce7e03000fd5a872036d68c27ea87	10878	yes	f847d3caca
_maps/map_files/Mining/nsv13/ruins/mining7.dmm	cd9a63a0d0a4532e826a6446026c82272c2b3e28	bfb7d19c9b9cf49f320b0f1c2df20780c808576d6f3e439f082e636d29d814e0	11373	yes	f847d3caca
_maps/map_files/Mining/nsv13/ruins/mining8.dmm	62e1524571cf3131921d1fafe820589a331b2376	24fe1d09362bfe384408fbef8e952b586be86619cae63e976b5d7ea7379ae648	17561	yes	f847d3caca
_maps/map_files/Mining/nsv13/ruins/mining9.dmm	446e0bf69b2e98bae5bdc8569464c7a652476170	a766651fe6d1dc435e49056f799c9c45894b0c4f2b411ccc02a5a42ae2087fcc	9281	yes	f847d3caca
_maps/map_files/NSV Storage/Mining/Hephaestus/Hephaestus1.dmm	d51612e1eed581c8d0fcbd6b3ba947d7374f3895	cedc21b9937b152f1b2dc2b75d8e90d41c6274440f2cd2e5b37185d181ffea89	571869	yes	f847d3caca
_maps/map_files/NSV Storage/Mining/Hephaestus/Hephaestus2.dmm	48deff0ed8d530535df7e36491a356ce291a43ed	0e1400a5ddffe2a52fc7bdb86c1ab4d2d1722b10d245c13a0406fbe62d9acc4e	552905	yes	f847d3caca
_maps/map_files/NSV Storage/pipe_template.dmm	d03100a3c82b42f879e7cc6345c0b3209ca78846	38433207b53f7678f711be45d813cdc24673a60b1095a9d018e98bc68ea09074	27336	yes	f847d3caca
_maps/map_files/Serendipity/Serendipity1.dmm	b03ecf39e2164ef3bd3bede5f25fbf5d3d5a4844	3283c423744f9261db46da9016211e0574498b8cebe387dd5120b5096da4b866	675849	yes	f847d3caca
_maps/map_files/Serendipity/Serendipity2.dmm	b15a19c9441a66e450ca490340828a1c35c2fb26	e4c950232c4a296b9d3bee781f019b2492ce0097810f6139eb0b462e421c39cc	555963	yes	f847d3caca
_maps/map_files/Shrike/Shrike1.dmm	5d11d193318586e1fe57e9bd143215199735cfda	900a4f3ea42977955f6bd5a7cac6511a02890b53ce2705569b49f682d177b076	573319	yes	f847d3caca
_maps/map_files/Shrike/Shrike2.dmm	aa70ebcad6ac459efdeb77e17dddbd526f2cb29d	6a5f9a823126365f98d8077febc6ec00aaece5a0f0b70dbfe970b1d9eb140b65	710099	yes	f847d3caca
_maps/map_files/Snake/snake_lower.dmm	d4dcd4254a8616c6c66951f2908596eeb2795045	52a4a11a87888ec0a104a63c11b3a830f0c1d8095e4d4de29d1d9cfe01b198a2	642853	yes	f847d3caca
_maps/map_files/Snake/snake_upper.dmm	e8c84b8ef0788c9c1f54673b6ab5d254e5323e46	d979e5650cce52ed40cfd0983b517638837e5b5e1c60140c33054c2a99f9fcc1	497440	yes	f847d3caca
_maps/map_files/Testship/testship.dmm	711454e9055109913db871b8cbc1c7b79ee5cc6e	01beb4422d00ca9d18db91a43e5c74b0b08c939b1238fbd460c6d1c9f797b53e	593284	yes	f847d3caca
_maps/map_files/Testship/testship2.dmm	8b222144696bbe697871b78afac74a256564eea7	0a881fcd214d4860091e4721f831c75ae26cabf079ab7e5e9cc63af0a83fe0aa	33	yes	f847d3caca
_maps/map_files/Tycoon/Tycoon1.dmm	8c5a6b199937722c35f99b5afc6c1289b1b18cb3	13b0fff367ae8d41da4d98cd9ce4f7d718294d0e8d9738df758189335b8788b8	473098	yes	f847d3caca
_maps/map_files/Tycoon/Tycoon2.dmm	197b1b75ab23e17791e1a56a05e6ef3db05c68f2	09358803aedda6ecf543c3040c18db3082790fad2d774bf2226d2e363cd864ea	1640788	yes	f847d3caca
_maps/map_files/Vago/vagodeck1.dmm	8416589f6cb7413ce8590245b82f2cc0733c6fb0	8cf2422604b609ead64b4d0b99ff0dbcbf7fb4308220acb0b911db25c6cc8143	610726	yes	f847d3caca
_maps/map_files/Vago/vagodeck2.dmm	405092cf0d625d7bca49c4c2ee8ac82b09451ed1	7c30845edcbb538ed813c29f2200fd89a1c663a2adfd7bec22a7eb2948ca2c27	718284	yes	f847d3caca
_maps/map_files/debug/multiz.dmm	d150be6eeaecc9124163058f77fbea450accc401	8fbdf1b86d69aa4d26230739ce57f0b9a734a6381826a8be58ea05b287a24d82	76014	yes	f847d3caca
_maps/map_files/debug/runtimestation.dmm	4bad37cf55114e9126b3f1eecea2e64cc54294ec	801acfacbd887589457840df2d0bda1b800e1ca4eb06a4cab798491b6271ea9f	97245	yes	f847d3caca
_maps/map_files/generic/CentCom.dmm	a344464814ac4b383c99bc685706df2168255c50	dfdcac0343bf00df58cfee772acf9bb6ef4ab5753d456f5ca71f3668676ba64b	692753	yes	f847d3caca
_maps/map_files/generic/CityOfCogs.dmm	ef4c78331ee8c1f2db9cca20865931e1828e4a74	ed0e14fb55b6adc2385dc0815e9b7830f0e812e61a97f531c781cd0227a4e7e9	205077	yes	f847d3caca
_maps/shuttles/arrival/arrival_aetherwhisp.dmm	b6f54c961d9a88bc1e1d4fc402ddfa5865adecb4	3b96d7d9ee296339da3d5cf79099b8195676cb3ef61b947cbeb96f587e8c483b	4266	yes	f847d3caca
_maps/shuttles/arrival/arrival_atlas.dmm	80814773f19f1d8d6b6af2686862190ec9ded843	72f6cc3213877f06efd9554a6c5c2036f93e020fef9bf697675adde8b48fa3e0	2316	yes	f847d3caca
_maps/shuttles/arrival/arrival_box.dmm	e4602c4d4eddd271b5500488bd4ca0b84214b8b6	c321c00533d4606e4481552fcd72e250a06255acb6c074e3146186e310c5d756	4259	yes	f847d3caca
_maps/shuttles/arrival/arrival_corg.dmm	e0793d7f35498dd3beaa0f230d5625114bce134c	6a2932d16da34fe00244644f2436afe23768df761440ca0419b2ad90c10c0a3b	10457	yes	f847d3caca
_maps/shuttles/arrival/arrival_delta.dmm	b70cafee2cc73eee08bc926f0fe1bb8c48b06276	13054708b8beb8c763a04e58eed06aeb05119de0050d02a2f172341ce0f65796	11389	yes	f847d3caca
_maps/shuttles/arrival/arrival_fland.dmm	cf9fcf8a953f5d94a54811324751caf588ffbf6a	da64c45ec9ca53d97bc7046cd0251d58d736b9b3432a691ca648b99ac13e638e	13393	yes	f847d3caca
_maps/shuttles/arrival/arrival_gladius.dmm	7d8eb0c06ef76e68ce630d9e884ef4b4947c1ec5	eda7c5b47489c6db7ace582b9460f2bdf36406b819ef9f44e3d1abd41ee42126	3455	yes	f847d3caca
_maps/shuttles/arrival/arrival_kilo.dmm	0a64cfe15a83490fed1415e994f94deebdb9de9d	c1707d93ee526188c520eda47d1f74bf90163814b749370db406530db47b5d3f	9925	yes	f847d3caca
_maps/shuttles/arrival/arrival_pubby.dmm	abe9c35f238c5b7a26274952f129b4ffd1459b0b	4de69ddcd408ff87203b29ba311370be96fef3ab26e8dc5a61f0c4c13c7de19b	3879	yes	f847d3caca
_maps/shuttles/arrival/arrival_serendipity.dmm	32b8a34c3563a0a84aa0e823e5454dc3e45fae42	7e0da059463fcb2e706b4120e09d94aefe3bca7603c355de0831d4ea64e960b0	4090	yes	f847d3caca
_maps/shuttles/arrival/arrival_shrike.dmm	926f01d26cb772f1b323964815dfd6852d564008	f55b7a2ff142677a8c0fe889484ed6cdf2da844187d99a67ac5ac68c13e49eae	3939	yes	f847d3caca
_maps/shuttles/assault_pod/assault_pod_default.dmm	c3e156a8cc087f1dad9358d1466e6e7eae51592b	640230bbef85f23b89c8a3900f078306b7764dbf76c2dcabf8585200cb10d720	2046	yes	f847d3caca
_maps/shuttles/aux_base/aux_base_default.dmm	684a78e980f934635dca021dcd5ae0c88c3d9032	ab3c54602f4cacd6f15750570c382d73e82919e3daf2721745b39e50ff5eae3e	2270	yes	f847d3caca
_maps/shuttles/aux_base/aux_base_small.dmm	fc507ea3d8edf9da81e4954b1f79d20ea9da8be4	82e3b9699b74427f7af5aa74413ef9442b33f61769dc50b00b594995f93e5d41	2138	yes	f847d3caca
_maps/shuttles/capsule/capsule_traitor.dmm	f30190989263fb725e4e9d424e332e8d0d454861	b7652662cd9a3894af7d2aec22a6e5ca4852564c99978c2a18f873cfeacfe9dd	7081	yes	f847d3caca
_maps/shuttles/cargo/cargo_atlas.dmm	12eff0e3592e5aaba3b83a2f2a36bf6e0c7630fb	fd4b2e77b921f31c000d368950aa08b89b06b4d52e313091eb566ab765e9f15b	962	yes	f847d3caca
_maps/shuttles/cargo/cargo_birdboat.dmm	c72821ac09ed57fe8273cb2e1956bd9adec1ba72	bb7acb7c39816e8b7bf5e3d080c1d06e1488d598a047f7aa52f549371e0800df	4566	yes	f847d3caca
_maps/shuttles/cargo/cargo_box.dmm	584d8f074330d30e62cf277eb657cd0aa8b99195	e25c7d15c32ea019fb9d6e8b0680f318e3eb2dbeffa8fabc65503e642b4db514	2693	yes	f847d3caca
_maps/shuttles/cargo/cargo_corg.dmm	c3888d6ef9b49c712ed796a01d3ec35477abb17c	0cba7f214a34faeddc715650002976c51356132f2bb5fa3e8baa4eb6fa0108e0	3310	yes	f847d3caca
_maps/shuttles/cargo/cargo_delta.dmm	2b651a60e08ffa3b67ef14e12b6618ebab5fb974	34655b394cd2c65934ba5dbe7a263a327438cf40ff0388a82688a0accb7f1007	5286	yes	f847d3caca
_maps/shuttles/cargo/cargo_fland.dmm	e5b78591ab4d88b9d89b4cdb777d66af01d00db0	59b444172bb4acecee2bc5194f2c7f1d6f3193e08169ac8b6f3fddd1a23c350b	7898	yes	f847d3caca
_maps/shuttles/cargo/cargo_gladius.dmm	f9eff2e2279299fc597ab0460a935aed388a0137	e8adbaec73e62503f2282e708e5f8346a2c32a0b0b8a9ccb3ed4749679d598f8	7528	yes	f847d3caca
_maps/shuttles/cargo/cargo_hammerhead.dmm	5cd24a91c2e582e0b24454b9aede70a39d562f5f	6d4f2bc909be5d597cf284141c5fa8fb4a245aedeb09e9b011aabaefb4960eac	4217	yes	f847d3caca
_maps/shuttles/cargo/cargo_kilo.dmm	785fe63e5f2869ebaa78aeed182f03826b54b5f3	d70a2ed0ebbd660f8056b2b6778af22bbdc2a99fe5259ae199366243c03476d4	6965	yes	f847d3caca
_maps/shuttles/cargo/cargo_sausage.dmm	73047c7f3907fca700cbfc2d4bb1f590d43b7664	008e01a12996a90cdc49b60b66143a382c0391f9440b0014e17f6517f90562f1	7830	yes	f847d3caca
_maps/shuttles/cargo/cargo_serendipity.dmm	2f330e5709771fd2d2deacee761a763260c5c856	00bec77daf3f4a526552dfc83be732197ccacbc62a42f49c1b29ed6e4a101d22	1806	yes	f847d3caca
_maps/shuttles/cargo/cargo_shrike.dmm	c4ff01866dbd5df8675499ff06e24bc61b7f2379	c9696d65b162d2acf58e8fd30acc7c0544deef2b826ba54f7ca481f03a4d87fc	4084	yes	f847d3caca
_maps/shuttles/emergency/emergency_arena.dmm	c34f36118b22d1fe2711e1fa999dd3d70b032766	e1c5c1666ac8a402122a38114cf24fddee805c5e25f9f627811998fe6f206408	2648	yes	f847d3caca
_maps/shuttles/emergency/emergency_asteroid.dmm	e3bb8df900f06a677b3cbda9e0c3f89812bf43c3	e7b93d338d497c066b64c5ff5a9a29e4fea21585802a97a8ceef9d96159b0fff	12959	yes	f847d3caca
_maps/shuttles/emergency/emergency_atlas.dmm	d50c7b485aca9afc2cb6d37f578cb10bb95f6a5e	75ee3808f346f9b4a9e22b969460046cbea4249b6df034db1c79dec1435fd2d6	33639	yes	f847d3caca
_maps/shuttles/emergency/emergency_backup.dmm	b43a2f9ef2c756f26abf34f4103ae5dffaf05812	4b13137173c82978bed75e31925c372b9682b1213913f1422cc54ff132392f4a	1725	yes	f847d3caca
_maps/shuttles/emergency/emergency_bar.dmm	9cead8ab44f03683864d2fa71a4e1fbd8ff02615	430a564a1137f2fcc93f722ba0456c7d38a24ec4a0b0ca16b8ab4ea9c7995ab0	16324	yes	f847d3caca
_maps/shuttles/emergency/emergency_birdboat.dmm	a3813d6790ef0b4ad23a2e1b64b0b79caa96287b	2c26118a4d6aacf809c62bdc12df5a56ccb238414516c4daf1134bbab3cea3ca	8453	yes	f847d3caca
_maps/shuttles/emergency/emergency_box.dmm	20ae2977ba325ea6cd3d0c46e3b2ea843fbb937c	4553ca64a7c81e0ffdad2ca6404b9fca2e5e4c150b9e577f5e22f00d4323670a	9703	yes	f847d3caca
_maps/shuttles/emergency/emergency_celerity.dmm	09f73ed05ca69fac629bfb553a1fce3a5bd861d3	bae394d2b5c1a6863a7497846508b1fcfdc7e5e389a399fb2233e9682acea891	11190	yes	f847d3caca
_maps/shuttles/emergency/emergency_cere.dmm	851ee50a63932734f09e7cd6ebb1f807b08bf481	684626578e5a0c7f40d0bef624afce6dfce2bf6b78f0e3a72af94cc86d084f55	40078	yes	f847d3caca
_maps/shuttles/emergency/emergency_clown.dmm	2c07fefaa200d367614f97121a372291a600207e	5edf9aa83b33823af7e2250bfefd3321a47a7b598bbf0d93508d2fefb5a11c5d	9035	yes	f847d3caca
_maps/shuttles/emergency/emergency_construction.dmm	e180f49437cb3fb5afeb246fa4d1552674f95255	35f3634c5f7fda737a374e1a377de3a1fb4166258be5575460f9e349aeb27e33	5104	yes	f847d3caca
_maps/shuttles/emergency/emergency_corg.dmm	2d939b28765f77c392963f4d51deec79d26858c1	ed23190840b0c0e720748ca126ef4edd83909cdb4d1e4447627925f40e061f74	43879	yes	f847d3caca
_maps/shuttles/emergency/emergency_cramped.dmm	d0b40c3d1d516605e6b3691d4b0be4396a530f77	10930a93f525afbccb9b706810d7ec69ba5a2266d11367d4968385156dd15cdf	3743	yes	f847d3caca
_maps/shuttles/emergency/emergency_delta.dmm	fd18d896401a11841172018cc694aa146d577a8a	a7c57d08bcbd9f8a55c3a8e33e38d1e102ce493af27cf6cc62fc9b3fac26ebfc	32556	yes	f847d3caca
_maps/shuttles/emergency/emergency_discoinferno.dmm	19a3ed9a1e406b7afaeecbceb6acaea383f0b4f8	e71a2c69e449e82bd037f344b338bbe09932affe3e8ec935a82036e49154bd9a	6305	yes	f847d3caca
_maps/shuttles/emergency/emergency_donut.dmm	bf6be984eb454407d0adfb2fd28be73ad68a92a7	99497234920c42a526811bc2033596d660e0cada22daf8ffd7edf29d6e5ed410	13914	yes	f847d3caca
_maps/shuttles/emergency/emergency_fland.dmm	c0ef9d45cb3040498c3a134b928984d14194237b	f552e92a93108f59d8679b23c1686799e9a1b6fc7635b383102949668717b821	34802	yes	f847d3caca
_maps/shuttles/emergency/emergency_goon.dmm	e2c1dcf66128f4c90c5d153b62c22f6bccf4e6e5	a1fab1a8c9fb04c88bd4b833786b74b70ab33380b7cf18d0e727af8aa9ec448d	6659	yes	f847d3caca
_maps/shuttles/emergency/emergency_imfedupwiththisworld.dmm	d1d05759fe05c8f9177bf3d7a944d1c41d50de2e	2d3469903dea3607d7da285c6d31b179e3368da55a1f8dc3f2f669d2cbe0ac2b	4920	yes	f847d3caca
_maps/shuttles/emergency/emergency_kilo.dmm	3a996a848e8c5e9f0aa6b54196bc77e7b3fbf7af	473376661ce56b9a06a5c823b251e57660afa7f85820c73e48ef08f3bfeb80b7	40050	yes	f847d3caca
_maps/shuttles/emergency/emergency_luxury.dmm	bfdf2e969cd94d95bd193982da7cef27c194bc01	97fa1f57182d2e21d8fe625fe9616ab872a532dbcab3345d4db2f6bc5ad45691	12521	yes	f847d3caca
_maps/shuttles/emergency/emergency_meta.dmm	fbe16185e6de750e77af552cc9935b46ad7d4ed0	ddd9b2d9491de06f5df1e605ede641ae5100cd8a9aae26501676185ba89955a9	22682	yes	f847d3caca
_maps/shuttles/emergency/emergency_meteor.dmm	aaf0be6de80c898763576725dd5eb630782a6402	ce0061331ef71708f5bf5f59afd2c76dcb52f10382ddad16d1b10703225c694c	7318	yes	f847d3caca
_maps/shuttles/emergency/emergency_mini.dmm	8a1efe0c68b452d8072926c3babd785e1efb6d7d	d2e08c6840bb8cc803e4ecb7f065b7b2be769940bfe859ec88549d935db68883	7029	yes	f847d3caca
_maps/shuttles/emergency/emergency_narnar.dmm	57997550aff4499421f53d7b5cbdfaecce459162	af3687e230c3f2294c83396ddc09b6c55fd88e9a395c9b5ecf622e6f3f0aaa6d	7143	yes	f847d3caca
_maps/shuttles/emergency/emergency_omega.dmm	ab03b02e42924eebf4fba49947e57d12e581db74	b369cbc67b11265b9d0a4a19e7edec5e249759a7d3390a8b3b625a194ce2f0fa	20381	yes	f847d3caca
_maps/shuttles/emergency/emergency_pod.dmm	4fe176e3603bbb15a417559058d1407d424a5adf	a06c696c4ce6b9e084e702eacde4678ecea31dcbe4824250268cdf651f07d743	1818	yes	f847d3caca
_maps/shuttles/emergency/emergency_pubby.dmm	76cd724053b4a0caef4e71ac774f64284ea115fe	78bf9509265b722db33bee12f9beb7f68a2743e2f34928d112a49914352740d3	17926	yes	f847d3caca
_maps/shuttles/emergency/emergency_raven.dmm	efd391bb27701a5675c229845930fee7c95c3230	16172f2ff618cf768ca332c63165a317e0cda90390fb552503966d54ed52c0de	58051	yes	f847d3caca
_maps/shuttles/emergency/emergency_russiafightpit.dmm	3e11b5c942dcbcd6c1f1ed9cd0b47de6d12650a2	b424d97d44312d733012477462fbef3e80fd523b8bcb84ea2d3e19b1e913d40a	15748	yes	f847d3caca
_maps/shuttles/emergency/emergency_scrapheap.dmm	f4b55ac2c5e928d0d63c55b87ce18b3e0d115ee6	ef1a134400d15d754b355172764abfeb13d3630a0b617d4ece2357cb0b979222	11342	yes	f847d3caca
_maps/shuttles/emergency/emergency_shelter.dmm	56a8165527faef7b765487bb4a34d371aaecb955	1b33566d6ca2928c928604988648cc8b9d9e0a5e9f030258df905ef9d3468cc8	11414	yes	f847d3caca
_maps/shuttles/emergency/emergency_supermatter.dmm	ef9167f2399415fd91f39031638d318d808f1dc0	2dc56d91d437f96e4800288d34f1785c7909351b9452813ec8794812558f4628	8744	yes	f847d3caca
_maps/shuttles/emergency/emergency_vago.dmm	f19ebb61df66635213f2c6a14e7ce92969de0e9d	66780ffa1ce9fbb852de3583f80ce94fbc9d04b1e548050d0d4ef078dc59e1e3	5349	yes	f847d3caca
_maps/shuttles/emergency/emergency_void.dmm	fd37238ca66af4e99b1c86f8f67b8a146ac7a293	c6dd111308f689ce2baeca9c602fb0edf0828162a5272a52a1d517dee6ff6b28	273	yes	f847d3caca
_maps/shuttles/emergency/emergency_wabbajack.dmm	9371d4a8cffb385c95b5a9b5d8bd3f6c8a0d537a	716071a723628d002fffc2bc0c36eb19151f5574f89929783e3d47d358096af7	13218	yes	f847d3caca
_maps/shuttles/emergency/emergency_zeta.dmm	9459bae1af015d44264115565f4fb717e3a54d0c	c523a502ab76830a4deb9590eaa02f37c8a3e0cabd6f4392f28b12ae952d356d	10166	yes	f847d3caca
_maps/shuttles/escape_pod/escape_pod_default.dmm	9e8553d306c494ca17f702a3c4829a298353e905	8a74c5d96a49166a83f1fbc37d8fe5757e4a429682f6fe6899e7cfa9244698fc	1180	yes	f847d3caca
_maps/shuttles/escape_pod/escape_pod_large.dmm	d130bf4be1f4ef100ed2117c65ca1269da15997d	b1c7604db5f7fd19d98cba8d95ea184ab1415874597d05008004cfbfcdff35eb	2055	yes	f847d3caca
_maps/shuttles/escape_pod/escape_pod_shrike.dmm	a756fca78966171ba0d953f214d7de1043d683ba	1fca7f236c4f6656cc920ee8ff152928b1cd013a99ab4b74be39c8de4b5ad6e7	2572	yes	f847d3caca
_maps/shuttles/exploration/exploration_corg.dmm	22633cda97d1f73424b887c58ed61706c58bf9ca	604241eca8d08d1e3d5b9ea0496d667b666843dcae2839db262c6810384480c0	27327	yes	f847d3caca
_maps/shuttles/exploration/exploration_delta.dmm	31f42f1e53d42adb6fb564d4fa64ffd060f904e2	210334a53ca0a90c3ad89c309a6b756aaeb3ca896b00fded870e6407aa321704	12234	yes	f847d3caca
_maps/shuttles/exploration/exploration_fland.dmm	fdd32b56d43eb05a17aaa7240dbedf5db6f5ff42	c1363661bf3f3bceb4702448665bdeedf348ba7e31a7113232ba84fa41fecbd1	25213	yes	f847d3caca
_maps/shuttles/exploration/exploration_kilo.dmm	48b522d561fa38d411722e1bf4f72df1e572f128	5c6bdea577b8b90cd7853aa9dcd4db81fefd62b7169e149bfee73dac84481693	14279	yes	f847d3caca
_maps/shuttles/exploration/exploration_shuttle.dmm	1dfd98a21612090ace2d8acd92ee96f1cccd62c3	1169050fb820092e1336e2791da1dcc94ce0a3036605bf2ae3e1158790cf2710	9608	yes	f847d3caca
_maps/shuttles/ferry/ferry_base.dmm	30de951ce3b608b6f40d9a624a0ec2687d888dad	910888f952a55de199f20398f203a88b479a1a26858024c9baace95190e9308b	2181	yes	f847d3caca
_maps/shuttles/ferry/ferry_fancy.dmm	1a368aa7e9a7f972acee9591bf9162eed21abf20	44abb5be87b6d4578b4d7c407cbc85a4057966c4cbabff30a543f592aab08121	2751	yes	f847d3caca
_maps/shuttles/ferry/ferry_fland.dmm	8214d46f424331bff8b2a8eb4d43e5c02ad9e355	589cfeb1ba668753d20437328290861b4d0f687de37065c5a3b50af81b35f203	5850	yes	f847d3caca
_maps/shuttles/ferry/ferry_galactica.dmm	393a6cf73fd18e9099745db584b52ae0a50e7188	1a7ba61e0fd659efff76a979b47ffb094c10b00277a89fea24f23554264d06f4	5010	yes	f847d3caca
_maps/shuttles/ferry/ferry_kilo.dmm	074f358bd34ec88a5a3681c60191785e8b866718	91007333fa2e32f79217fcbc820c305ef08a0c5cdf607cf8c84f663a8eea3caa	5103	yes	f847d3caca
_maps/shuttles/ferry/ferry_lighthouse.dmm	e11b4042c39027a22fb9028bd9dcc25206945d25	71b56db3adb8965db2b2470ac92e11f1779f15e9406e99cba66a72b9eb2b77fd	8777	yes	f847d3caca
_maps/shuttles/ferry/ferry_meat.dmm	1d586a727693781521f15470af6fbec91274951c	3a9bf147f87439f4df3dc0c96e481a07f170faf9d2b8ad858864a8ab8d97eb54	4292	yes	f847d3caca
_maps/shuttles/hunter/hunter_bounty.dmm	a38de5c635be91606ad893c09be0c6797189014a	154b5aff80767f69d66ab2d07b2d5339e8aa9ea923f310ab72ec3d92a65bf3db	5828	yes	f847d3caca
_maps/shuttles/hunter/hunter_russian.dmm	adcf7e8266ae89c32f7822e6b2cbe2b7c6a89a84	793a7f8ece98fd08af0a1c6b7d68a237b2c689c31841eabf5c0c2e6aa9940fc1	6462	yes	f847d3caca
_maps/shuttles/hunter/hunter_space_cop.dmm	2ff3225ff1c21b376e4b7f73a0c80cd2e9be994e	f76213355ae8ba65296854a89ccbd03ce8a8334e7791a5048f89e31a6d3805b0	3678	yes	f847d3caca
_maps/shuttles/infiltrator/infiltrator_advanced.dmm	4a947ec8edc2642657768cb3baf782fcf1cd9876	c885317b0b3d1509e1194163f6cdba5752c92b98aca9e0d90edbd499d6cab134	61244	yes	f847d3caca
_maps/shuttles/infiltrator/infiltrator_basic.dmm	3d2c07183ebb8ef13cfd28d9019e80b1479353ad	5af6916a98544a4d1d0461d022273fc2c6ad3845ecef17c56df7b4a0d7716c1d	29869	yes	f847d3caca
_maps/shuttles/infiltrator/infiltrator_cutter.dmm	d349bcba9114328abfb7d0c4218d1f582e28a789	8ad323fc88d0092a4004d5d33513cf0aac4ced12f0d3b615f3060f91732ff475	25992	yes	f847d3caca
_maps/shuttles/labour/labour_box.dmm	0c482c639f626f88871757b1b25777570ee35629	bd3f10537edc8d402eadc9014d82d3dc408c09e7262823c765691d74f1ada81f	3153	yes	f847d3caca
_maps/shuttles/labour/labour_corg.dmm	cfb98336cc37ced3245dd8a428104a7793c96b6c	127be5c7ea40230dec136598272bcba0818d044f742dc292684e95b7051ae98f	4229	yes	f847d3caca
_maps/shuttles/labour/labour_delta.dmm	78a700d41c3670d7da6c441a212cbaf8be7268ce	5ffd668bd4f65575b715a8046a81429c9e1548a7bcdb0f98f6edc6035397db56	6474	yes	f847d3caca
_maps/shuttles/labour/labour_fland.dmm	f7c4c2598e10104cc99f2e1d817f2b5a2fdf8bc7	b9854ac15cc81e9f1bc6e28d44ebd780aa70f2a7027cfd59f98b3ac64a8b858d	6917	yes	f847d3caca
_maps/shuttles/labour/labour_kilo.dmm	fe3fbd634469143877be609cdf802878fb6a5910	126fbf7d84f392ab693c71c85614aef612b57fb617e567e71c42f7b89fb1f748	6044	yes	f847d3caca
_maps/shuttles/mining/mining_box.dmm	ac90c3155fd870f9a84917a1ff570ec2259a4de4	2c5893265cf5c894194a31c4ea003e22305b7ea584dab5f3325fb8f768ee57ba	2361	yes	f847d3caca
_maps/shuttles/mining/mining_delta.dmm	53a33d29becf25760831242a3b5a46e065c9451b	62adcc553e01afb2a9ac8be6a617a740677dd41920a130f5ebb5a91c9cc8cf6c	7093	yes	f847d3caca
_maps/shuttles/mining/mining_fland.dmm	11e97cc99020963bbd5f76d2d81b886083fa5cec	4b18fb379534e8dbb5b9486496c4e56c920ab2a380492cdc5e98719f74d3a22c	7050	yes	f847d3caca
_maps/shuttles/mining/mining_kilo.dmm	db1acae0978d079d8456cdb50e346377de19a6c7	3c109eaf95783e66ace7f211188f532799ea95c5b0e18a3a706b21840e7f2a5a	4552	yes	f847d3caca
_maps/shuttles/mining/mining_large.dmm	a588321ecf31a4964be0e484e1504eb01267cc32	8e946d3ea8f2d81ce2db0380d4651e5233c539efefc3d875b98486e73359c959	11826	yes	f847d3caca
_maps/shuttles/mining/mining_shrike.dmm	1161f9f0775c6acd99923edae8c7a5ad65d47561	4e12a15459c9b696ea748741aff10e9cc9c764683adff94d0fc67cc401bf50fb	3123	yes	f847d3caca
_maps/shuttles/pirate/pirate_default.dmm	1fc2e54e156ed6f46601c6b12e6002bf713a25df	d2fc47adbd5d57176613e1e2f6a68dbb75dd41f8a612a514f981559d4a0bb603	29354	yes	f847d3caca
_maps/shuttles/ruin/ruin_caravan_victim.dmm	a9b2aa4c2cb20da1bb9264471a1e3dae7976c83c	f95a88935b7efbf7e2ac80b6fea2550af2281a41d9c4d896f5696598bc454d58	29742	yes	f847d3caca
_maps/shuttles/ruin/ruin_pirate_cutter.dmm	857a51b05573bd52d5a9778783287ecc2ec18c68	c208e2a2e8b6fd10025718acd257f26c0cced1c1647017b754a45126eae506b0	25935	yes	f847d3caca
_maps/shuttles/ruin/ruin_syndicate_dropship.dmm	2324cf3c4d19ef3d2c8173dcf8b0df5551a91f29	628bd54f749e0f09125b711f80bf4dc9cddfbd378e143122116c043256d5f79d	15142	yes	f847d3caca
_maps/shuttles/ruin/ruin_syndicate_fighter_shiv.dmm	696ff0f0158beb363c346003bdb4c6ced8266e7a	03801874c968d38e870a8b4c7a2691162990f3ffdb9a9bbdc34dc6eb4409f945	3276	yes	f847d3caca
_maps/shuttles/science/science_outpost.dmm	4f3193b830cf8f0c904970e139763366fdd630ed	6be1d01c5c9d28abbb7929b5ff1d102b1b4306fa74b3f7fb3a41863fbb1c0b3a	3768	yes	f847d3caca
_maps/shuttles/snowdin/snowdin_excavation.dmm	16637ea2d9aa0dcf32b19f8dea9ca2934c1c4cc6	bfb354643ff2b5575a59853a95fd8b8abfd8ffb91acec82c8ef950e5f636661c	1116	yes	f847d3caca
_maps/shuttles/snowdin/snowdin_mining.dmm	aeae7b80b97c95a04cfade869929796968e6802c	4e32f44e7cf8cf1eb31b8a21cd2a165538d7eec32d1e95e3d6bbb24a1fb78747	1282	yes	f847d3caca
_maps/shuttles/tram/tram_corg.dmm	18078f500612848ed89d447a8b161e785d9ace19	0c3d74fde181c1a0cf7a7c1372c83be390c6d587c04c671e3d8b62a64b8ef8e4	2765	yes	f847d3caca
_maps/shuttles/turbolifts/aircraft_semmes.dmm	d76992ae71f20c69ede4027fa8ca769c6626f901	aea142897184a10085e7eb887fa7cb93cee4234d98117bf891721991cb51502f	584	yes	f847d3caca
_maps/shuttles/turbolifts/debug/debug_primary.dmm	c52110c875a9e99f06a0bf869690af8a39320f0b	a6ddd43e6603d41a8a15418d30582b6068f246d4333c487f32c2ec6de0c6aea8	996	yes	f847d3caca
_maps/shuttles/turbolifts/nsv/debug_enterprise.dmm	612ac31d34baa53072a8569382bae670362e34a8	2c6252c8662430d8d74082112e5d137aa939121a4b6646be36ab1270dead1dc2	1798	yes	f847d3caca
_maps/shuttles/turbolifts/nsv/turbolift_galactica.dmm	4aff0058a06f1d2b26504753c190edb7acf0a5c4	2b2fea0be94beaf0b85c2f03d282722f0fbc5aa1a4b0f1456cc2e63c4e738f54	1417	yes	f847d3caca
_maps/shuttles/turbolifts/nsv/turbolift_galactica_secondary.dmm	50ae92fd81a1e4e098c0b0dac0d837814e3fc64a	800905cf61aace28f0a2ea25ffe1f9a478231d1a4069b30db5b561b9cae18d16	1421	yes	f847d3caca
_maps/shuttles/whiteship/whiteship_box.dmm	a5c707cc61ac02eaf833d4092ce021b3cc9cfc10	886a2b21d0b0b757fa91bb41d8b9414499da25dd57da14a4d194e521dcba15fd	54773	yes	f847d3caca
_maps/shuttles/whiteship/whiteship_cere.dmm	6597842e853cf097d12d9159202ece8ae092e434	f4d8275bf795922172a07657d187bf73eb8d5652cf3eba07293f5ff791b413ec	11644	yes	f847d3caca
_maps/shuttles/whiteship/whiteship_delta.dmm	f66778a1cfcaf1af00cece3ab1abeda2859fa761	b29f6c17143181fe1e210f4fb878217d231f7d5ef43a8ae048f6fc2855dac158	64075	yes	f847d3caca
_maps/shuttles/whiteship/whiteship_fland.dmm	9d6d76cba9a1e8097712b798926a421bcf43b799	568861df6b29568144c4561cbe3f5a6dbd13e5d5a79ea8aabd34474ede5f01d4	21443	yes	f847d3caca
_maps/shuttles/whiteship/whiteship_meta.dmm	ca27c5c4b295da6b06daa5f808e7e34b2318b3fd	2ea1f7e8abf04b7059df89ac24846286f02ff120f2903a879a060e9de987be56	85624	yes	f847d3caca
_maps/shuttles/whiteship/whiteship_pubby.dmm	3f6ed08eef0c4133649ce92942015de4243cb77e	b0cab7212db7941d952273c3ce50038015f78a68013947171a5b40b570cdd039	3396	yes	f847d3caca
_maps/templates/FTLtemplate.dmm	182fb421abe5dcc2f6fbe01c467cb5254b9454a7	f67862fd9ae9d377c5427a07b3792c1b8c202b8fa0d51d66ccc147199fa16191	2672	yes	f847d3caca
_maps/templates/boarding/boarding_test.dmm	d94ed2721e09d0a6fc14f655189b5ebbc8281372	a25a48440a213140ab3c0ecce76ce1de88ef346b6370302cd64b30b5c3cc43d9	275252	yes	f847d3caca
_maps/templates/boarding/dropship.dmm	5aacb2625d633acdd92f752d5ebefd350a4d4da7	d8657a922e9c65f1ff99e7dfa8c3eb6821d28f262bf98c906e3334bcf981f074	17952	yes	f847d3caca
_maps/templates/boarding/dropship_main.dmm	f5bbbed6947e5fb4b202536e82f68dfae7230878	3a3acc784585622fc7bf041149ec57c856234157bb5a17d78770436235a4a169	21571	yes	f847d3caca
_maps/templates/boarding/dropship_syndicate.dmm	bdba9f42a428635480e1cf61f41e3762a05da740	13626f9eb94af0b0c3b499b68732ab5a3955bb24af4e0a128b13e4f2a23cd91c	19330	yes	f847d3caca
_maps/templates/boarding/gunship.dmm	4f8fd0448a61efe5510ffd0eda71e0026713212a	e89edbba1cfbffac32af666c4234d2f90abc14975a063e3c40d9f15a601cdc98	25517	yes	f847d3caca
_maps/templates/boarding/sabre_interior.dmm	bfb87758053059eedda08be0702391d7024d88af	de7e706eff66a390ffa35873450bfe3ed401f7da542acb8012ac5f32998a1401	8375	yes	f847d3caca
_maps/templates/boarding/sabre_interior_mining.dmm	3a25330809dfaa0784ccbac1572cbb60e5719ef8	e9bda19eb2be21bb52fd6c2c0ea73ef63369b57a659864772d61efa44c2df778	8449	yes	f847d3caca
_maps/templates/boarding/sabre_interior_syndicate.dmm	9c5072816e374f8ba2e4844eb8d54c47e0b49fab	ce20453cb7b956d80bd369beb4cb033e09bd44324bf3a7b4a348d38c1803b08b	8398	yes	f847d3caca
_maps/templates/boarding/syndicate/carrier.dmm	d513695ef523ad91a9a0b458c452c683270f5bd6	422d656bd3086a9e3f7c58b53253090d908e494d4fd9c867dc060d80f32b5796	356089	yes	f847d3caca
_maps/templates/boarding/syndicate/destroyer.dmm	a6bb73e6ea62779167fafeaef5d1a25e1540b032	82adc1daf9e28a034607f35568281d20b28223200f278053d795f62efe49d9ee	320920	yes	f847d3caca
_maps/templates/boarding/syndicate/mako.dmm	7d49486656ce0b9575098ad62c32c940daa29da1	71f499b9acef372e02c8c7e1b874a10882058a650cd0c20edf9cbd51033252dd	293308	yes	f847d3caca
_maps/templates/boarding/syndicate/mako_carrier.dmm	e0ad289bd807c93393ff124f8c223b4b228dcd44	efdffc80cd7c3bd3943db8c69a9ce8d529391fab1c59a86a435a6d315a605559	294446	yes	f847d3caca
_maps/templates/boarding/syndicate/marine_frigate.dmm	894a228b40555f123531f729253044edd149352c	db20dd05a818c0c3c87b256257b9f09072798a6065975e3c55bdfbffa593bfa3	330248	yes	f847d3caca
_maps/templates/boarding/syndicate/nukefrigate.dmm	02258a8d94364f29c7f93dd2c9ff378b9bf920ec	c95f4671503255599a3e9f20cc42a085788688f21f8036b25f1e8b631ab2e7e7	304380	yes	f847d3caca
_maps/templates/boarding_pod.dmm	e4e851a10395e753b7620049d12b7951d8568168	1dca73ff74118949e9f17d221e47adf580b54858784db1539a8046d3364b3b73	3722	yes	f847d3caca
_maps/templates/capsule_barricade.dmm	08be2a8967e72f6ffd34d122002cfb0273f65f79	54ac6cd82cf083fa0be618a24af58a92f2605cf023638f1d94bb9e32e4150c15	696	yes	f847d3caca
_maps/templates/heretic_sacrifice_template.dmm	cd6111b51a62dc64ab9fb00f6e378d10eacf58d2	8de4d0c4b105c743c3f7dea5b49cf0b3d222e7821429f755863059c729e9af1a	18061	yes	f847d3caca
_maps/templates/hilbertshotel.dmm	45156f3161bda455bb165b4de53c0f6f3a486f46	bc4d4bd34a89de59fa1e114929de0f406e6e73cc39672a71c0b167547dfb3c48	7095	yes	f847d3caca
_maps/templates/hilbertshotelempty.dmm	a0482c93baec6049b5b23e940fd5a7772552e924	50b873eb9ba52b6c6a775f8e39094cf584f3128850ecabb87da20f87c99d53be	1445	yes	f847d3caca
_maps/templates/hilbertshotellore.dmm	e59904e4d862f79aaaca38a64a1b7bb75ba5602d	2217c14a6769c01a635a74eddc9606344aa7a0fc4bf68ec079f500ff50403b02	9723	yes	f847d3caca
_maps/templates/hilbertshotelstorage.dmm	756e2e5155224c9ec1bb99f4ef3a843fe89d0eb0	e358218d6da3b3dd346cc855419338f0d2a1aa0a696176405bbcf1c6b9b2279d	325	yes	f847d3caca
_maps/templates/holodeck_asylum.dmm	db80f075f8548ba309471401fffdc6ca18877e5f	fefb59ec37ad8c8c52f29115c3d94a68b90b1f696dd4ed972fe863ee365d29c3	9314	yes	f847d3caca
_maps/templates/holodeck_clownworld.dmm	1c41c9c7dfc99ed2d3d10cf528da440c11551de0	fea9031b57d0560234c2e1beecb90269117f6c214d32a14a69ca11994e01cd67	1213	yes	f847d3caca
_maps/templates/holodeck_kitchen.dmm	e895fbc6af38b6683383752233590c9e07dcb4f6	4dfa6f03013a271c266bb11c0b7155f6feee59edf5c1978fba8f8c9212db4b33	2719	yes	f847d3caca
_maps/templates/holodeck_teahouse.dmm	440e69bd907e7be357dd5b38b3febb45d1612203	a09faf456eab43a9b116b0fcd18238494c11adf44fd9b0987ca7db78c2c2e188	3280	yes	f847d3caca
_maps/templates/medium_shuttle1.dmm	1c2bd39bed84ef66369e766e1cfd14489050dd85	ea90a4fa3e6721f654897ce67998d88936e61527ba845a4383df4e4c09d17323	4985	yes	f847d3caca
_maps/templates/medium_shuttle2.dmm	26ea9ee89fab2f86ed4a788986b6bb3b80fcf94d	7744363a6123791ea9aa7d2340fd67447a0dd8cde34de1911c26950ba89f1f02	5226	yes	f847d3caca
_maps/templates/medium_shuttle3.dmm	096b22c3d68f5ac6247da1d481aeab70ebbec0b6	d1b4e7453494f874a3a6058966015ead2316106f557ba7e290d87c2fb440e984	5748	yes	f847d3caca
_maps/templates/medium_shuttle4.dmm	60f188c51f75b0e4540e2ca89d6bf201df2b5bf7	954ccedcbff4709496b3181ea1c52f0a9f22bbf567644256d0f22bd596852465	3293	yes	f847d3caca
_maps/templates/pirate_pod.dmm	31e6932dcf4e888abd9d727b020eb52462492a61	cce87c6b872ba0c33d9b6453aab32cb2b2dd269a92b498733ce247fffe2d16f8	3227	yes	f847d3caca
_maps/templates/shelter_1.dmm	b59e5a912ccc254e475578c255afe9991680e333	5671f281cf661ee4adc12828c30f50eee94c87ce1e58f95df820fc5d7a24da93	1874	yes	f847d3caca
_maps/templates/shelter_2.dmm	507523a524c7a0f35925161df59707299660d0ff	7a97a79a450e0b3ea4b2e7815684d2ae2f20c565ddf67f0d1b516c0247a15750	4848	yes	f847d3caca
_maps/templates/shelter_3.dmm	7fa80606f5b0527fc3e4e77b2744841d6ae95065	e15d5fce32c3256c8ec49534c720fc42e30a3e25d6019afb939b3bc9931d703d	6795	yes	f847d3caca
_maps/templates/shelter_4.dmm	c7f6bca6556dc126d4f2ca8e862f543602aa9f15	e056e7f250e2a7f19f8e896ebf522dbf7f2e8f7d62392aa718a53f50d05db9db	9027	yes	f847d3caca
_maps/templates/shelter_5.dmm	03021ea355c3331011837c16a7493d6a5e638f81	977633028352d450e47abb3d4cc48a48ac3b9c8094320db2756223d4efbc5881	2038	yes	f847d3caca
_maps/templates/shelter_6.dmm	38c2ae02d6fcf51e18ea8e8e0566c61d7c1572fd	bab0569db39ad0e0570f469a22a0166182366335085d01d7ebbe6415e79a3738	1810	yes	f847d3caca
_maps/templates/shelter_7.dmm	132f6875cce62abb55f65514f619659058fc7d56	62dd7efbdb7c3e558bd187c11d18ad37eb8cfaa8cb2577c5373b42da9bbc580e	1369	yes	f847d3caca
_maps/templates/small_asteroid_1.dmm	c2205dbc13c34f20380cf8156aa79558a9e8c3bf	45e9f93c6392c53ac7ff98262dfde90598a00e9b4b629b32ad21d45484d098ef	547	yes	f847d3caca
_maps/templates/small_shuttle_1.dmm	03789ef8473fb2003e9d50121b680d5119d72dc3	1d528729af511e9b02b9c3f86710fee7d8be70a296dca8678bcb54f2260ab409	1620	yes	f847d3caca
_maps/templates/the_arena.dmm	acf086c041f8c13b47b3bec5b16ec56c7cce72a9	4e820c1dd768c56be973e51288d56c49cc99439392db44a6be7914347c1a72d1	9019	yes	f847d3caca
_maps/templates/unit_tests.dmm	c84ef86343969c88a68e25ec18c771f76b0a8fc1	b7153ed3711be76b189f22afe0dbec6ef3c35967cae91bc60e966dff0d6a0d78	659	yes	f847d3caca
_maps/templates/warped_room.dmm	6efe813cf026fb3f131c75775b953b3805cfb784	63cd99b8087f01be6f7ab872e9bacb7818e1e697b99fca994ca13b2b8b8cfd67	5015	yes	f847d3caca
